fsq_id,name,distance,location.address,station latitude,station longitude,number of bikes,station id,price,rating
4cb88ec6f50e224babb6e7fb,Bayou Bakery,122,1515 N Courthouse Rd,38.890612,-77.084801,0.0,1,2.0,8.7
5e5e5c8f9f640c0007342390,For Five Coffee Roasters,184,2311 Wilson Blvd,38.890612,-77.084801,0.0,1,1.0,8.2
43c77738f964a5207f2d1fe3,Ragtime,174,1345 N Courthouse Rd,38.890612,-77.084801,0.0,1,2.0,8.1
59d8144e7247507dcdfaf4fa,Verre Wine Bar,238,2415 Wilson Blvd,38.890612,-77.084801,0.0,1,2.0,8.2
4b1e95e5f964a5201a1c24e3,Five Guys Burgers & Fries,204,2300 Wilson Blvd,38.890612,-77.084801,0.0,1,1.0,8.0
4bfaae6b8f32ef3b2ff004aa,Fire Works Pizza,230,2350 Clarendon Blvd,38.890612,-77.084801,0.0,1,2.0,8.1
40b13b00f964a5206df41ee3,Galaxy Hut,549,2711 Wilson Blvd,38.890612,-77.084801,0.0,1,2.0,8.6
4b12c7d0f964a520048e23e3,Pho 75,649,1721 Wilson Blvd,38.890612,-77.084801,0.0,1,1.0,8.7
6141e4cffa2ebf4ffa105f08,Tatte Bakery & Café,652,2800 Clarendon Blvd,38.890612,-77.084801,0.0,1,1.0,8.7
4a7d89e0f964a520c5ee1fe3,Brooklyn Bagel Bakery,142,2055 Wilson Blvd,38.890612,-77.084801,0.0,1,1.0,7.7
515dc9e3e4b0d709f2141326,Chuck E. Cheese's,909,1127 University Blvd E,38.986743,-77.000035,7.0,2,,7.4
4bbbd77d3de8c9b6b05b9aad,El Comalito Restaurante,955,1167 University Blvd E,38.986743,-77.000035,7.0,2,2.0,7.4
53584d95498e22a333d7f412,Sardi's Pollo A La Brasa,944,1159 University Blvd E,38.986743,-77.000035,7.0,2,2.0,7.3
5c438278ab42d9002c6ce5d9,Mansa Kunda,266,8000 Flower Ave,38.986743,-77.000035,7.0,2,2.0,
4e4ddf9ebd4101d0d79d412f,Subway,945,1161 University Blvd E,38.986743,-77.000035,7.0,2,1.0,6.1
50f49b9ce4b0be12e22cf65e,Little Caesars Pizza,928,1137A University Blvd E,38.986743,-77.000035,7.0,2,1.0,5.9
77ca2013b44f4721a3eee82b,Pupuseria El Comalito,956,1167 University Blvd E,38.986743,-77.000035,7.0,2,,
57f54f01498efb4067677e58,Commonwealth Joe Coffee Roasters,569,520 12th St S,38.865553,-77.05003,8.0,3,1.0,9.1
5728de6e498ef9c4227d3e96,Shake Shack,887,1100 S Hayes St,38.865553,-77.05003,8.0,3,1.0,8.6
60cc9e67ac6f69030fe33ff5,Mah-Ze-Dahr Bakery,708,1550 Crystal Dr,38.865553,-77.05003,8.0,3,1.0,8.2
57be2a24cd1006b71770fee0,Matchbox,933,1100 S Hayes St,38.865553,-77.05003,8.0,3,1.0,8.4
58bfa16cd32b445cc478d93b,Starbucks,650,1201 S Fern St,38.865553,-77.05003,8.0,3,1.0,7.9
4e4da022e4cdc76dc9984a62,Morton's The Steakhouse,796,1750 Crystal Dr,38.865553,-77.05003,8.0,3,4.0,8.0
4b6b616ff964a520e0042ce3,California Pizza Kitchen,877,1201 S Hayes St,38.865553,-77.05003,8.0,3,2.0,8.0
4fd7d846121d5844a70f3880,Epic SmokeHouse,739,1330 S Fern St,38.865553,-77.05003,8.0,3,3.0,7.8
5a04fbc13af98875fc863ee1,Poke It Up,978,1100 S Hayes St,38.865553,-77.05003,8.0,3,,7.9
559c0234498eaee4848627c6,Mezeh Mediterranean Grill,1458,,38.865553,-77.05003,8.0,3,2.0,8.4
577d24bf498eaa7a13554a7c,Junction Bakery & Bistro,36,1508 Mount Vernon Ave,38.820064,-77.057619,7.0,4,1.0,8.9
4fa316cbe4b0c2f103ae5622,Del Ray Cafe,429,205 E Howell Ave,38.820064,-77.057619,7.0,4,1.0,8.6
4b269567f964a520e37d24e3,Swing's Coffee Roasters,452,501 E Monroe Ave,38.820064,-77.057619,7.0,4,2.0,8.7
51a15ca8498ed4464a0ffd6b,Front Porch,463,2006 Mount Vernon Ave,38.820064,-77.057619,7.0,4,1.0,8.3
4a75e6a9f964a52093e11fe3,The Dairy Godmother,711,2310 Mount Vernon Ave,38.820064,-77.057619,7.0,4,1.0,8.9
40b13b00f964a52060f41ee3,Evening Star Cafe,441,2000 Mount Vernon Ave,38.820064,-77.057619,7.0,4,2.0,8.2
4b743f95f964a520cccf2de3,Thai Peppers,503,2018 Mount Vernon Ave,38.820064,-77.057619,7.0,4,1.0,8.1
54a6f13f498e8ae2952fe100,Lost Dog Cafe,957,808 N Henry St,38.820064,-77.057619,7.0,4,2.0,9.0
4b467f01f964a5209c2226e3,Tropical Smoothie Cafe,885,1556 Potomac Greens Dr,38.820064,-77.057619,7.0,4,1.0,8.7
4ae32905f964a520139121e3,Del Ray Farmers' Market,742,2401 Mount Vernon Ave,38.820064,-77.057619,7.0,4,,8.3
57694c0d498e19fa1e1eb3d3,South Block,133,3051 Mount Vernon Ave,38.833077,-77.059821,11.0,5,1.0,8.4
5c70983712c8f0002ccc9f99,Hops N Shine,358,3410 Mount Vernon Ave,38.833077,-77.059821,11.0,5,1.0,8.6
587d047c735a4d25f00654fc,Northside 10,339,10 E Glebe Rd,38.833077,-77.059821,11.0,5,1.0,8.5
4a8a06d7f964a520b10920e3,Los Tios Grill,453,2615 Mount Vernon Ave,38.833077,-77.059821,11.0,5,2.0,8.3
4a75e6a9f964a52093e11fe3,The Dairy Godmother,746,2310 Mount Vernon Ave,38.833077,-77.059821,11.0,5,1.0,8.9
6063a56619facc7d545437f0,Stracci Pizza,251,106 Hume Ave,38.833077,-77.059821,11.0,5,1.0,7.7
4a9dde9af964a520b83920e3,Birchmere,746,3701 Mount Vernon Ave,38.833077,-77.059821,11.0,5,,8.5
4ae32905f964a520139121e3,Del Ray Farmers' Market,716,2401 Mount Vernon Ave,38.833077,-77.059821,11.0,5,,8.3
4b903990f964a520587d33e3,RT's Restaurant,754,3804 Mount Vernon Ave,38.833077,-77.059821,11.0,5,3.0,8.4
509da5b4e4b057cac385f33c,Holy Cow,727,2312 Mount Vernon Ave,38.833077,-77.059821,11.0,5,2.0,8.2
58026fd0d67c00ba43048c26,Coffee Republic,51,801 Pleasant Dr,39.114688,-77.171487,9.0,6,1.0,8.1
4b18448bf964a520eacf23e3,Fontina Grille,92,801 Pleasant Dr,39.114688,-77.171487,9.0,6,2.0,7.9
5793a5f8498e3900bbdda172,Botanero Restaurant,91,800 Pleasant Dr,39.114688,-77.171487,9.0,6,3.0,7.4
4b366024f964a520033425e3,Nagoya Sushi,108,402 King Farm Blvd,39.114688,-77.171487,9.0,6,2.0,7.2
521d3f2f11d220c24c4ae510,Big Wang Cuisine,448,16051 Frederick Rd,39.114688,-77.171487,9.0,6,2.0,7.4
4b6036fbf964a52052da29e3,Dunkin',562,700 Gaither Rd,39.114688,-77.171487,9.0,6,1.0,7.4
4b50a12af964a520362a27e3,Wendy's,609,15807 Frederick Rd,39.114688,-77.171487,9.0,6,1.0,7.0
4ba68449f964a520205a39e3,Checkers,937,16171 Shady Grove Rd,39.114688,-77.171487,9.0,6,2.0,7.1
623c91c0f3ad546adb89e82e,Qdoba Mexican Eats,975,16260 Frederick Rd,39.114688,-77.171487,9.0,6,1.0,7.1
4b0b3274f964a5207f2e23e3,Baja Fresh Mexican Grill,59,302 King Farm Blvd,39.114688,-77.171487,9.0,6,1.0,6.1
5a0dc3660fe7a0039dd9e8a8,Cava,259,28 Upper Rock Cir,39.110314,-77.182669,1.0,7,2.0,7.9
4e8b32d129c2b5bbaf674950,Love Sushi,855,9031 Gaither Rd,39.110314,-77.182669,1.0,7,2.0,8.5
4bf9a913633d9c7419ea0743,Classic Bakery,769,9204 Gaither Rd,39.110314,-77.182669,1.0,7,1.0,7.9
5ade2ea462845c50c7e783a3,Firehouse Subs,426,28 Upper Rock Cir,39.110314,-77.182669,1.0,7,1.0,7.4
4b82d064f964a520c1e630e3,Pho Nam Restaurant,879,15942 Shady Grove Rd,39.110314,-77.182669,1.0,7,1.0,7.7
4b6036fbf964a52052da29e3,Dunkin',689,700 Gaither Rd,39.110314,-77.182669,1.0,7,1.0,7.4
4b8567bcf964a520a85b31e3,Five Guys Burgers & Fries,806,15784 Shady Grove Rd,39.110314,-77.182669,1.0,7,1.0,7.4
4b510996f964a520e63e27e3,The Melting Pot Restaurants,869,9021 Gaither Rd,39.110314,-77.182669,1.0,7,4.0,7.5
57170428498e0e14d888297f,"Pieology Pizzeria, Gaithersburg, MD",802,15780 Shady Grove Rd,39.110314,-77.182669,1.0,7,1.0,7.2
4b671388f964a520ba382be3,Wow Deli,853,9029 Gaither Rd,39.110314,-77.182669,1.0,7,1.0,7.2
51282853e4b0edd34e144c8b,Sushi Jin Japanese Restaurant,488,8555 Fenton St,38.999388,-77.031555,8.0,8,2.0,8.8
4b3b7daaf964a5208e7425e3,Cubano's Restaurant,367,1201 Fidler Ln,38.999388,-77.031555,8.0,8,2.0,8.3
56b8c5d4498e74a4ea8f8040,Cava,658,8515 Fenton St,38.999388,-77.031555,8.0,8,2.0,8.9
5aa4bbc018d43b25d5722e2d,Quarry House Tavern,783,8401 Georgia Ave,38.999388,-77.031555,8.0,8,1.0,9.0
5c71d19e492822002d79b1e9,Silver Branch Brewing Company,487,8401 Colesville Rd,38.999388,-77.031555,8.0,8,2.0,8.1
5cf7ef233e6741002cfbebe4,District Taco,741,1310 E West Hwy,38.999388,-77.031555,8.0,8,1.0,8.5
4c8ece09d2aea0933fa1d169,Nando's PERi-PERi,583,924 Ellsworth Dr,38.999388,-77.031555,8.0,8,2.0,8.2
552b5ad9498ec65bfc4626e9,All Set Restaurant & Bar,320,8630 Fenton St,38.999388,-77.031555,8.0,8,3.0,7.7
4b1c169ef964a520ed0124e3,Mi Rancho,363,8701 Ramsey Ave,38.999388,-77.031555,8.0,8,2.0,7.7
50b18603e4b0df43711ed815,La Malinche,432,8622 Colesville Rd,38.999388,-77.031555,8.0,8,2.0,7.8
56b8c5d4498e74a4ea8f8040,Cava,82,8515 Fenton St,38.997033,-77.025608,9.0,9,2.0,8.9
51282853e4b0edd34e144c8b,Sushi Jin Japanese Restaurant,88,8555 Fenton St,38.997033,-77.025608,9.0,9,2.0,8.8
5aa4bbc018d43b25d5722e2d,Quarry House Tavern,385,8401 Georgia Ave,38.997033,-77.025608,9.0,9,1.0,9.0
4c8ece09d2aea0933fa1d169,Nando's PERi-PERi,151,924 Ellsworth Dr,38.997033,-77.025608,9.0,9,2.0,8.2
52e042b6498ea1bbfdceb85e,BurgerFi,175,8504 Fenton St,38.997033,-77.025608,9.0,9,2.0,8.0
524f505f498e802a4fd04854,Kaldi's Social House,604,918 Silver Spring Ave,38.997033,-77.025608,9.0,9,2.0,9.1
4b3b7daaf964a5208e7425e3,Cubano's Restaurant,383,1201 Fidler Ln,38.997033,-77.025608,9.0,9,2.0,8.3
4bdf2a780ee3a5934a2e33b0,Bete Ethiopian Cuisine & Cafe,88,811 Roeder Rd,38.997033,-77.025608,9.0,9,2.0,7.6
50b18603e4b0df43711ed815,La Malinche,195,8622 Colesville Rd,38.997033,-77.025608,9.0,9,2.0,7.8
5e41fd2ed0c7fd0007f708fe,Lebtav,37,8535 Fenton St,38.997033,-77.025608,9.0,9,,7.5
4b6036fbf964a52052da29e3,Dunkin',919,700 Gaither Rd,39.102212,-77.177091,8.0,10,1.0,7.4
5d78e3df9af83b0008bdd388,Bon Fresco - Rock,727,534 Gaither Rd,39.102212,-77.177091,8.0,10,1.0,
608dfdd833f13821129916b0,Farmsook Happiness Thai Kitchen,1000,800 King Farm Blvd,39.102212,-77.177091,8.0,10,2.0,
d3751f48294342353e938fe4,Giacomo’s Brick Oven Pizza,966,300 Saddle Ridge Cir,39.102212,-77.177091,8.0,10,,
2f06c65c2eef4d51aaeb3cb0,Thai Farm,975,800 King Farm Blvd,39.102212,-77.177091,8.0,10,,
4b340e26f964a5207e2425e3,El Mariachi,99,765 Rockville Pike,39.076331,-77.141378,7.0,11,2.0,8.1
58c33465c30f791c6260eaa0,Mission BBQ,388,885 Rockville Pike,39.076331,-77.141378,7.0,11,2.0,8.9
4eb6ca3db8030fb5836f91e4,Pho Nom Nom,363,842 Rockville Pike,39.076331,-77.141378,7.0,11,1.0,8.2
4b46540af964a520be1d26e3,Yuan Fu Vegetarian,241,798 Rockville Pike,39.076331,-77.141378,7.0,11,2.0,7.7
5251eeba11d26818f60f2a4b,Maki,386,842 Rockville Pike,39.076331,-77.141378,7.0,11,2.0,7.9
56a974a0498e312c0d81bac3,Tea-Do,351,838 Rockville Pike,39.076331,-77.141378,7.0,11,,7.7
5004bdd8e4b04fafc11eb79c,Iron Age,824,1054 Rockville Pike,39.076331,-77.141378,7.0,11,3.0,8.4
4a9f1c84f964a5208e3c20e3,Niwano Hana Japanese Restaurant,417,887 Rockville Pike,39.076331,-77.141378,7.0,11,2.0,7.7
4aea3091f964a52008ba21e3,Temari Cafe,900,1043 Rockville Pike,39.076331,-77.141378,7.0,11,2.0,8.4
4af325b7f964a52026eb21e3,Starbucks,351,865 Rockville Pike,39.076331,-77.141378,7.0,11,2.0,7.6
55fc3278498e3854dd6380cd,Silver,401,7150 Woodmont Ave,38.977093,-77.094589,2.0,12,2.0,8.7
4b09bc58f964a5209e1c23e3,Georgetown Cupcake,457,4834 Bethesda Ave,38.977093,-77.094589,2.0,12,1.0,8.4
456ec3b9f964a5201a3e1fe3,Raku,515,7240 Woodmont Ave,38.977093,-77.094589,2.0,12,3.0,8.5
593c7609f1fdaf5a5ac01507,True Food Kitchen,395,7100 Wisconsin Ave,38.977093,-77.094589,2.0,12,2.0,8.2
60426a8d9115c7624b65470a,Tatte Bakery & Cafe,588,7276 Wisconsin Ave,38.977093,-77.094589,2.0,12,1.0,8.5
5630fdaf498e0613d10b4eda,Chopt Creative Salad Co.,394,4766 Bethesda Ave,38.977093,-77.094589,2.0,12,1.0,8.1
4b4e7d98f964a5209cef26e3,Bradley Food & Beverage,421,6904 Arlington Rd,38.977093,-77.094589,2.0,12,1.0,8.0
62a7c218b19aa64d9d7ccbef,Laduree,444,4808 Bethesda Ave,38.977093,-77.094589,2.0,12,1.0,7.8
4a889cb2f964a520230720e3,Uncle Julio's Rio Grande Cafe,494,4870 Bethesda Ave,38.977093,-77.094589,2.0,12,2.0,7.9
4b1e812cf964a520af1a24e3,Dolcezza Gelato,526,7111 Bethesda Ln,38.977093,-77.094589,2.0,12,2.0,7.9
4a63b044f964a52096c51fe3,Bastille,78,606 N Fayette St,38.811456,-77.050276,4.0,13,3.0,8.7
54a6f13f498e8ae2952fe100,Lost Dog Cafe,285,808 N Henry St,38.811456,-77.050276,4.0,13,2.0,9.0
5f8c3fc20079ea1340a5a213,Chewish Deli,256,807 Pendleton St,38.811456,-77.050276,4.0,13,1.0,8.2
502a5ec9e4b055bcf7652952,Hawwi Ethiopian Restaurant,391,1125 Queen St,38.811456,-77.050276,4.0,13,2.0,8.5
4b7989f3f964a520e0ff2ee3,Hank's Oyster Bar,597,1026 King St,38.811456,-77.050276,4.0,13,2.0,8.7
5dd33fb8bbae5d000875ff34,Jeni S Splendid I,691,102 S Patrick St,38.811456,-77.050276,4.0,13,1.0,8.9
5a2614311acf111aa10d9cb8,Old House Cosmopolitan Grill,544,1024 Cameron St,38.811456,-77.050276,4.0,13,,8.4
5fa1dff167a9e23eed0d248d,Sisters Thai,687,503 Montgomery St,38.811456,-77.050276,4.0,13,2.0,8.6
562ae58b498e107a3d5a2871,Lena's Wood-Fired Pizza & Tap,543,401 E Braddock Rd,38.811456,-77.050276,4.0,13,1.0,8.3
4a4a11dbf964a52088ab1fe3,Misha's,647,102 S Patrick St,38.811456,-77.050276,4.0,13,1.0,8.4
5dd33fb8bbae5d000875ff34,Jeni S Splendid I,239,102 S Patrick St,38.805648,-77.05293,13.0,14,1.0,8.9
5a2614311acf111aa10d9cb8,Old House Cosmopolitan Grill,196,1024 Cameron St,38.805648,-77.05293,13.0,14,,8.4
5b663672180b91003972d764,Augie's Mussel House,97,1106 King St,38.805648,-77.05293,13.0,14,,8.1
502a5ec9e4b055bcf7652952,Hawwi Ethiopian Restaurant,293,1125 Queen St,38.805648,-77.05293,13.0,14,2.0,8.5
4a4a11dbf964a52088ab1fe3,Misha's,269,102 S Patrick St,38.805648,-77.05293,13.0,14,1.0,8.4
41083e00f964a520940b1fe3,Vermilion,57,1120 King St,38.805648,-77.05293,13.0,14,3.0,7.9
468e133bf964a52079481fe3,Hard Times Cafe,169,1404 King St,38.805648,-77.05293,13.0,14,2.0,7.8
585175f3e309e11317d8b271,Namaste,280,1504 King St,38.805648,-77.05293,13.0,14,2.0,8.0
4a63b044f964a52096c51fe3,Bastille,676,606 N Fayette St,38.805648,-77.05293,13.0,14,3.0,8.7
5afa586151950e002cd71720,The People's Drug,328,103 N Alfred St,38.805648,-77.05293,13.0,14,3.0,7.8
54a6f13f498e8ae2952fe100,Lost Dog Cafe,271,808 N Henry St,38.814577,-77.052808,2.0,15,2.0,9.0
4a63b044f964a52096c51fe3,Bastille,362,606 N Fayette St,38.814577,-77.052808,2.0,15,3.0,8.7
562ae58b498e107a3d5a2871,Lena's Wood-Fired Pizza & Tap,300,401 E Braddock Rd,38.814577,-77.052808,2.0,15,1.0,8.3
4b269567f964a520e37d24e3,Swing's Coffee Roasters,701,501 E Monroe Ave,38.814577,-77.052808,2.0,15,2.0,8.7
577d24bf498eaa7a13554a7c,Junction Bakery & Bistro,772,1508 Mount Vernon Ave,38.814577,-77.052808,2.0,15,1.0,8.9
502a5ec9e4b055bcf7652952,Hawwi Ethiopian Restaurant,720,1125 Queen St,38.814577,-77.052808,2.0,15,2.0,8.5
5f8c3fc20079ea1340a5a213,Chewish Deli,613,807 Pendleton St,38.814577,-77.052808,2.0,15,1.0,8.2
5fa1dff167a9e23eed0d248d,Sisters Thai,859,503 Montgomery St,38.814577,-77.052808,2.0,15,2.0,8.6
4b467f01f964a5209c2226e3,Tropical Smoothie Cafe,919,1556 Potomac Greens Dr,38.814577,-77.052808,2.0,15,1.0,8.7
4afe04e4f964a5201c2d22e3,Vaso's Kitchen,656,1225 Powhatan St,38.814577,-77.052808,2.0,15,2.0,8.1
4a874b28f964a520b10320e3,Momo Sushi & Cafe,271,212 Queen St,38.804718,-77.043363,6.0,16,2.0,9.1
564f2d20498eb6596da48141,Old Town Dolci Gelati Café,91,107 N Fairfax St,38.804718,-77.043363,6.0,16,1.0,8.3
4b5b32dcf964a5208aea28e3,Il Porto Ristorante,172,121 King St,38.804718,-77.043363,6.0,16,3.0,8.4
5ad68b43d41bb76fbe6d68d1,Mia's Italian Kitchen,259,100 King St,38.804718,-77.043363,6.0,16,4.0,8.5
4ad502c2f964a520430121e3,Gadsby's Tavern,103,138 N Royal St,38.804718,-77.043363,6.0,16,3.0,7.9
5ade3627178a2a17f2a956c0,South Block,169,106 N Lee St,38.804718,-77.043363,6.0,16,1.0,8.0
4de6474645dda52a0608d90f,Virtue Feed and Grain,291,106 S Union St,38.804718,-77.043363,6.0,16,3.0,8.2
4b11d555f964a520ae8523e3,La Madeleine French Bakery & Café,134,500 King St,38.804718,-77.043363,6.0,16,1.0,7.9
5ff98321b29188718545a18f,Ada's on the River,411,3 Pioneer Mill Way,38.804718,-77.043363,6.0,16,4.0,8.3
5dd33fb8bbae5d000875ff34,Jeni S Splendid I,596,102 S Patrick St,38.804718,-77.043363,6.0,16,1.0,8.9
5dd33fb8bbae5d000875ff34,Jeni S Splendid I,30,102 S Patrick St,38.805317,-77.049883,15.0,17,1.0,8.9
4a4a11dbf964a52088ab1fe3,Misha's,36,102 S Patrick St,38.805317,-77.049883,15.0,17,1.0,8.4
5a2614311acf111aa10d9cb8,Old House Cosmopolitan Grill,171,1024 Cameron St,38.805317,-77.049883,15.0,17,,8.4
5b663672180b91003972d764,Augie's Mussel House,169,1106 King St,38.805317,-77.049883,15.0,17,,8.1
502a5ec9e4b055bcf7652952,Hawwi Ethiopian Restaurant,356,1125 Queen St,38.805317,-77.049883,15.0,17,2.0,8.5
5afa586151950e002cd71720,The People's Drug,72,103 N Alfred St,38.805317,-77.049883,15.0,17,3.0,7.8
4b4cd6c8f964a52013c126e3,Murphy S Grand Ir,211,713 King St,38.805317,-77.049883,15.0,17,2.0,8.0
41083e00f964a520940b1fe3,Vermilion,210,1120 King St,38.805317,-77.049883,15.0,17,3.0,7.9
4aeb8e0cf964a52050c321e3,The Light Horse,198,715 King St,38.805317,-77.049883,15.0,17,2.0,7.8
4a874b28f964a520b10320e3,Momo Sushi & Cafe,743,212 Queen St,38.805317,-77.049883,15.0,17,2.0,9.1
4a734184f964a520ebdb1fe3,Lia's,130,4435 Willard Ave,38.961763,-77.085998,7.0,18,2.0,8.5
4b75f484f964a520d9312ee3,Sushi Ko,100,5455 Wisconsin Ave,38.961763,-77.085998,7.0,18,2.0,8.3
4c1d82f7b306c9281fc665b7,The Capital Grille,161,5310 Western Ave,38.961763,-77.085998,7.0,18,3.0,8.1
4af48a60f964a520a7f321e3,The Cheesecake Factory,214,5335 Wisconsin Ave NW,38.961763,-77.085998,7.0,18,3.0,8.1
4accc48df964a5206fc920e3,Potomac Pizza,62,19 Wisconsin Cir,38.961763,-77.085998,7.0,18,1.0,7.7
4a96dd2bf964a520422720e3,Clyde's of Chevy Chase,71,5441 Wisconsin Ave,38.961763,-77.085998,7.0,18,2.0,7.6
4a9ec932f964a520283b20e3,Chipotle Mexican Grill,229,4471 Willard Ave,38.961763,-77.085998,7.0,18,1.0,7.7
4eb41f827ed11cca6ca9daa3,Nespresso Boutique at Bloomingdale's,224,5300 Western Ave,38.961763,-77.085998,7.0,18,1.0,7.6
4b102054f964a5208c6923e3,Starbucks,121,5454 Wisconsin Ave,38.961763,-77.085998,7.0,18,2.0,7.4
4a7bde74f964a520d3eb1fe3,Maggiano's,253,5333 Wisconsin Ave NW,38.961763,-77.085998,7.0,18,3.0,7.5
4bbf253a82a2ef3b48432cd2,Krispy Kreme,581,14919 Shady Grove Rd,39.099376,-77.188014,5.0,19,1.0,8.9
4b193df1f964a520d1d923e3,Wingstop,488,14925 Shady Grove Rd,39.099376,-77.188014,5.0,19,1.0,8.2
4b32d8a9f964a520f41425e3,Moby Dick House of Kabob,435,14929 Shady Grove Rd,39.099376,-77.188014,5.0,19,2.0,7.7
4b448a61f964a52048f625e3,Starbucks,388,14941 Shady Grove Rd,39.099376,-77.188014,5.0,19,1.0,7.3
514c8922e4b0625866b33a28,Oishii Blue Fin,823,9613 Medical Center Dr,39.099376,-77.188014,5.0,19,2.0,7.7
4ba3c8a3f964a520de5e38e3,Smoothie King,432,14941 Shady Grove Rd,39.099376,-77.188014,5.0,19,,7.2
5c7c0f6d0719020025dfb0f4,Jersey Mike's,398,14933 Shady Grove Rd,39.099376,-77.188014,5.0,19,1.0,7.1
4ac635a3f964a52034b320e3,Panera Bread,528,14921 Shady Grove Rd,39.099376,-77.188014,5.0,19,1.0,7.2
51489955e4b0f4108ea74533,Freshii,838,4-9613 East Medical Center Dr,39.099376,-77.188014,5.0,19,1.0,7.4
4acf6634f964a5206ad320e3,Chipotle Mexican Grill,512,14925 Shady Grove Rd,39.099376,-77.188014,5.0,19,1.0,6.8
4ae060c1f964a520e87e21e3,First Watch,326,100 Gibbs St,39.083673,-77.149162,5.0,20,1.0,8.4
4d1e11b28629224b70ecfe86,The Woodside Deli,344,4 N Washington St,39.083673,-77.149162,5.0,20,2.0,8.3
55aa916a498ec54e65277cc2,Kung Fu Tea,607,275 N Washington St,39.083673,-77.149162,5.0,20,,8.6
573d1f4c498eec996fa5bb24,World of Beer,108,196 E Montgomery Ave,39.083673,-77.149162,5.0,20,,7.6
4ab56ab6f964a5207f7420e3,Sushi Damo,266,36 Maryland Ave,39.083673,-77.149162,5.0,20,2.0,7.8
5157267be4b034f6dd59ea21,Bob's Shanghai 66,667,305 N Washington St,39.083673,-77.149162,5.0,20,2.0,8.5
559178e6498eb417feb07bb3,Quickway Japanese Hibachi,610,275 N Washington St,39.083673,-77.149162,5.0,20,2.0,8.3
57f405ddcd1054a283e5c929,Class 520,705,5 Dawson Ave,39.083673,-77.149162,5.0,20,1.0,8.4
4ad8e4d3f964a520c21521e3,Potbelly Sandwich Shop,40,199 E Montgomery Ave,39.083673,-77.149162,5.0,20,1.0,7.4
5b40f0d2b3c961002c219c21,The Spot,448,255 N Washington St,39.083673,-77.149162,5.0,20,,7.9
59d8ea8cc9a5173baba9a94e,Starbucks,607,8010 Gramercy Blvd,39.123513,-77.15741,6.0,21,1.0,7.7
4c83e77d74d7b60c06008ed8,Juanita's Restaurant,990,15883 Redland Rd,39.123513,-77.15741,6.0,21,2.0,
4db19b6f4b22ba776d86428d,Busboys and Poets,37,5331 Baltimore Ave,38.95548,-76.940133,12.0,22,2.0,9.0
4fbd1034e4b005e6f2c2e7a3,Spice 6,47,5501 Baltimore Ave,38.95548,-76.940133,12.0,22,1.0,8.4
53c01395498e7928012fc17a,Vigilante Coffee,355,4327 Gallatin St,38.95548,-76.940133,12.0,22,1.0,9.1
4dacd27ccda1a7f15b20b1d4,Yogi Castle,25,5501 Baltimore Ave,38.95548,-76.940133,12.0,22,2.0,8.0
4a71a3faf964a52051d91fe3,Franklin's,316,5121 Baltimore Ave,38.95548,-76.940133,12.0,22,2.0,8.3
5ad621f6ee7120459710dea7,Streetcar 82 Brewing Co.,727,4824 Rhode Island Ave,38.95548,-76.940133,12.0,22,2.0,8.7
4dd2d676fa7611af69e684c3,Chipotle Mexican Grill,36,5501 Baltimore Ave,38.95548,-76.940133,12.0,22,1.0,7.4
4b61c7c5f964a52057222ae3,Shagga Coffee & Restaurant,644,6040 Baltimore Ave,38.95548,-76.940133,12.0,22,2.0,8.3
5f41a5460a62216c6647453d,2Fifty Texas BBQ,850,4700 Riverdale Rd,38.95548,-76.940133,12.0,22,2.0,8.8
4e7bbd36149507aff786fc85,Tara Thai,9,5501 Baltimore Ave,38.95548,-76.940133,12.0,22,2.0,7.3
5fcad843521a0c59e8930ecb,Pennyroyal Station,108,3310 Rhode Island Ave,38.936213,-76.960054,8.0,23,,8.0
545fbe94498eb8917cd0021f,The Waterhole,258,4004 34th St,38.936213,-76.960054,8.0,23,1.0,8.3
4cfacd3edccef04d2e8fb79c,DC Brau Brewing Company,723,3178 Bladensburg Rd NE,38.936213,-76.960054,8.0,23,2.0,8.8
4d59970523e0a093795a4649,Sweet & Natural,267,4009 34th St,38.936213,-76.960054,8.0,23,2.0,7.8
5b5dfd6e4aa3f8002c901c43,Roaming Rooster Restaurant Washington,781,3176 Bladensburg Rd NE,38.936213,-76.960054,8.0,23,1.0,8.8
4b9e719ff964a52051e436e3,Subway,835,3691 Bladensburg Rd,38.936213,-76.960054,8.0,23,1.0,6.7
4de3ade2e4cd056f74605bb4,IHOP,748,3601 Bladensburg Rd,38.936213,-76.960054,8.0,23,1.0,6.4
53ea9aae498e7f61e4eb1435,America's Best Wings,802,3651 Bladensburg Rd,38.936213,-76.960054,8.0,23,1.0,6.4
4bd2570db221c9b63296d7d0,Popeyes Louisiana Kitchen,671,3200 Bladensburg Rd NE,38.936213,-76.960054,8.0,23,1.0,6.3
607b6ca91470a50b639f33b5,Dodah's Kitchen,74,3311 Rhode Island Ave,38.936213,-76.960054,8.0,23,1.0,
5e175e1c20e1b00008689d2d,Paris Baguette,218,8344 Broad St,38.92245,-77.23034,1.0,24,1.0,9.2
4cd1b5b606b546881d3ce294,Super Chicken,459,8357 Leesburg Pike,38.92245,-77.23034,1.0,24,2.0,8.9
5e259fb59ce17d0008947222,North Italia,320,1651 Boro Pl,38.92245,-77.23034,1.0,24,3.0,8.2
608a00452e10434bd92a3e31,Jeni's Splendid Ice Creams,255,1669 Silver Hill Dr,38.92245,-77.23034,1.0,24,1.0,8.0
54c53d93498e753931b3471c,Founding Farmers Tysons,695,1800 Tysons Blvd,38.92245,-77.23034,1.0,24,3.0,9.0
4ac23505f964a5202f9820e3,P.F. Chang's China Bistro,482,1716M International Dr,38.92245,-77.23034,1.0,24,2.0,8.3
4a63e6acf964a520fbc51fe3,Sakura Japanese Steak and Seafood House,482,8369 Leesburg Pike,38.92245,-77.23034,1.0,24,2.0,8.3
49b600c6f964a52007531fe3,Wildfire,459,1714 International Dr,38.92245,-77.23034,1.0,24,3.0,8.2
6121d16553100a05481abb00,Bluestone Lane Tysons Boro Café,249,1671 Silver Hill Dr,38.92245,-77.23034,1.0,24,1.0,7.7
552297a8498e8229c393d567,Eddie V's Prime Seafood,949,7900 Tysons One Pl,38.92245,-77.23034,1.0,24,3.0,8.9
4b1bf561f964a520a5ff23e3,Jasper's,436,9640 Lottsford Ct,38.908391,-76.843263,3.0,25,2.0,7.3
4b60e131f964a52069ff29e3,Carolina Kitchen,867,800 Shoppers Way,38.908391,-76.843263,3.0,25,2.0,7.4
4b9c3d7ff964a5200f5836e3,Outback Steakhouse,499,9660 Lottsford Ct,38.908391,-76.843263,3.0,25,2.0,6.6
52939ede11d2ee2665e0f989,Longhorn Steakhouse,490,1100 Capital Centre Blvd,38.908391,-76.843263,3.0,25,2.0,6.4
4ed6492193ad293dfc38e47a,TGI Friday's,478,1101 Shoppers Way,38.908391,-76.843263,3.0,25,2.0,6.1
4bef179bd1b7d13a4351cdec,Taco Bell,940,1006 Largo Center Dr,38.908391,-76.843263,3.0,25,1.0,6.0
4bbf6994b083a5934863a3e9,Golden Corral,613,1001 Shoppers Way,38.908391,-76.843263,3.0,25,2.0,5.5
4c5ef97294fd0f477e97cf45,McDonald's,895,1030 Largo Center Dr,38.908391,-76.843263,3.0,25,1.0,5.8
4b060092f964a52043e722e3,Ruby Tuesday,556,9680 Lottsford Ct,38.908391,-76.843263,3.0,25,2.0,5.3
4cf536418333224b26f61e8e,Bojangles' Famous Chicken 'n Biscuits,890,1040 Largo Center Dr,38.908391,-76.843263,3.0,25,1.0,5.7
5a5e37375a2c916e048e6dc5,Burton's Grill,21,4440 Van Buren St,38.969581,-76.937349,3.0,26,2.0,8.4
5a302cf772475059426ea33d,District Taco,69,6710 45th St,38.969581,-76.937349,3.0,26,2.0,8.3
59e9304d6e46507344f0dee2,MOD Pizza,88,4401 Woodberry St,38.969581,-76.937349,3.0,26,1.0,8.1
58ec81ad0802cb41b9842087,Starbucks,62,4501 Van Buren St,38.969581,-76.937349,3.0,26,1.0,7.6
5b4609516dcf04002ccabfa2,The Habit Burger Grill,73,4502 Van Buren St,38.969581,-76.937349,3.0,26,1.0,7.5
5f41a5460a62216c6647453d,2Fifty Texas BBQ,870,4700 Riverdale Rd,38.969581,-76.937349,3.0,26,2.0,8.8
4b61c7c5f964a52057222ae3,Shagga Coffee & Restaurant,948,6040 Baltimore Ave,38.969581,-76.937349,3.0,26,2.0,8.3
5b309866054e29002c0e0600,Jersey Mike's,79,6761 45th St,38.969581,-76.937349,3.0,26,1.0,7.1
5ce86fed0e3239002b2fb9ea,Denizens Brewing,83,4550 Van Buren St,38.969581,-76.937349,3.0,26,2.0,7.1
4e5ac0cbd22dfba6f485de68,Dumm's Pizza & Subs,864,4704 Riverdale Rd,38.969581,-76.937349,3.0,26,1.0,7.2
4abd83ccf964a520c78a20e3,Pitango Gelato,359,11942 Democracy Dr,38.95534,-77.357611,3.0,27,1.0,9.0
546f993e498efe71ca2acd25,Barcelona Wine Bar,409,12023 Town Square St,38.95534,-77.357611,3.0,27,2.0,9.1
4dc6eeed18387d1bd5644009,Jackson's Mighty Fine Food and Lucky Lounge,299,11927 Democracy Dr,38.95534,-77.357611,3.0,27,2.0,8.5
546f97fe498eac135aa64946,Bartaco,393,12021 Town Square St,38.95534,-77.357611,3.0,27,1.0,8.7
5d2bf7f099a98b0023143c33,North,436,11898 Market St,38.95534,-77.357611,3.0,27,3.0,8.9
5fd96954ad3f04387f5c67d7,Tiki Thai,500,12100 Sunset Hills Rd,38.95534,-77.357611,3.0,27,2.0,8.9
5fb6cf80dbb2db61e33918c7,True Food Kitchen,268,11901 Democracy Dr,38.95534,-77.357611,3.0,27,2.0,8.0
5980afbe89e4905ae803a65e,Cava,670,1815 Fountain Dr,38.95534,-77.357611,3.0,27,2.0,8.9
4a4d1f13f964a5208fad1fe3,Mon Ami Gabi,360,11950 Democracy Dr,38.95534,-77.357611,3.0,27,3.0,8.1
4a7b4d92f964a5209bea1fe3,PassionFish Reston,361,11960 Democracy Dr,38.95534,-77.357611,3.0,27,3.0,8.1
4abd83ccf964a520c78a20e3,Pitango Gelato,150,11942 Democracy Dr,38.959633,-77.358741,6.0,28,1.0,9.0
546f993e498efe71ca2acd25,Barcelona Wine Bar,254,12023 Town Square St,38.959633,-77.358741,6.0,28,2.0,9.1
5d2bf7f099a98b0023143c33,North,229,11898 Market St,38.959633,-77.358741,6.0,28,3.0,8.9
5980afbe89e4905ae803a65e,Cava,265,1815 Fountain Dr,38.959633,-77.358741,6.0,28,2.0,8.9
546f97fe498eac135aa64946,Bartaco,246,12021 Town Square St,38.959633,-77.358741,6.0,28,1.0,8.7
4dc6eeed18387d1bd5644009,Jackson's Mighty Fine Food and Lucky Lounge,194,11927 Democracy Dr,38.959633,-77.358741,6.0,28,2.0,8.5
4a4d1f13f964a5208fad1fe3,Mon Ami Gabi,151,11950 Democracy Dr,38.959633,-77.358741,6.0,28,3.0,8.1
4a7b4d92f964a5209bea1fe3,PassionFish Reston,230,11960 Democracy Dr,38.959633,-77.358741,6.0,28,3.0,8.1
52d3fb5c498e7cf7907791cd,Ted's Bulletin,61,11948 Market St,38.959633,-77.358741,6.0,28,2.0,7.7
5fb6cf80dbb2db61e33918c7,True Food Kitchen,246,11901 Democracy Dr,38.959633,-77.358741,6.0,28,2.0,8.0
5d7146bab1c3810008d4a419,Taco Zocalo,624,1810 Michael Faraday Dr,38.951443,-77.340377,4.0,29,1.0,8.4
5fe4c6e756a17f3676243f41,Pupatella,476,1821 Wiehle Ave,38.951443,-77.340377,4.0,29,1.0,7.9
4ac2393af964a520499820e3,Five Guys Burgers & Fries,775,11674 Plaza America Dr,38.951443,-77.340377,4.0,29,2.0,7.9
5a9eb61231fd1470067f4057,Founding Farmers,346,1904 Reston Metro Plz,38.951443,-77.340377,4.0,29,3.0,7.2
5807be3c38fa6d384693e281,Starbucks,351,1908 Reston Metro Plz,38.951443,-77.340377,4.0,29,1.0,7.2
4b1aac5df964a52005ef23e3,Starbucks,613,11610A Plaza America Dr,38.951443,-77.340377,4.0,29,1.0,7.5
5775a703cd10013c384ec2d5,MOD Pizza,700,11642 Plaza America Dr,38.951443,-77.340377,4.0,29,1.0,7.4
4b91a446f964a52033cc33e3,The Melting Pot Restaurants,897,11730 Plaza America Dr,38.951443,-77.340377,4.0,29,3.0,7.5
4f04b347a17cb010592f4fea,Tropical Smoothie Cafe,781,11684 Plaza America Dr,38.951443,-77.340377,4.0,29,1.0,6.9
4f6de20de4b01d94fd090a1a,Noodles & Company,715,11648 Plaza America Dr,38.951443,-77.340377,4.0,29,2.0,6.8
5d2bf7f099a98b0023143c33,North,262,11898 Market St,38.960084,-77.353414,0.0,30,3.0,8.9
5980afbe89e4905ae803a65e,Cava,304,1815 Fountain Dr,38.960084,-77.353414,0.0,30,2.0,8.9
4abd83ccf964a520c78a20e3,Pitango Gelato,537,11942 Democracy Dr,38.960084,-77.353414,0.0,30,1.0,9.0
56843082498ee56bb7c18e90,Not Your Average Joe's,147,1845 Fountain Dr,38.960084,-77.353414,0.0,30,4.0,7.8
546f993e498efe71ca2acd25,Barcelona Wine Bar,681,12023 Town Square St,38.960084,-77.353414,0.0,30,2.0,9.1
4dc6eeed18387d1bd5644009,Jackson's Mighty Fine Food and Lucky Lounge,522,11927 Democracy Dr,38.960084,-77.353414,0.0,30,2.0,8.5
546f97fe498eac135aa64946,Bartaco,667,12021 Town Square St,38.960084,-77.353414,0.0,30,1.0,8.7
5fb6cf80dbb2db61e33918c7,True Food Kitchen,422,11901 Democracy Dr,38.960084,-77.353414,0.0,30,2.0,8.0
4a4d1f13f964a5208fad1fe3,Mon Ami Gabi,539,11950 Democracy Dr,38.960084,-77.353414,0.0,30,3.0,8.1
4af81a8af964a520000b22e3,Silver Diner,858,11951 Killingsworth Ave,38.960084,-77.353414,0.0,30,1.0,8.7
546f993e498efe71ca2acd25,Barcelona Wine Bar,147,12023 Town Square St,38.957037,-77.359718,8.0,31,2.0,9.1
4abd83ccf964a520c78a20e3,Pitango Gelato,149,11942 Democracy Dr,38.957037,-77.359718,8.0,31,1.0,9.0
546f97fe498eac135aa64946,Bartaco,132,12021 Town Square St,38.957037,-77.359718,8.0,31,1.0,8.7
4dc6eeed18387d1bd5644009,Jackson's Mighty Fine Food and Lucky Lounge,125,11927 Democracy Dr,38.957037,-77.359718,8.0,31,2.0,8.5
5fd96954ad3f04387f5c67d7,Tiki Thai,383,12100 Sunset Hills Rd,38.957037,-77.359718,8.0,31,2.0,8.9
4a7b4d92f964a5209bea1fe3,PassionFish Reston,104,11960 Democracy Dr,38.957037,-77.359718,8.0,31,3.0,8.1
5d2bf7f099a98b0023143c33,North,382,11898 Market St,38.957037,-77.359718,8.0,31,3.0,8.9
4a4d1f13f964a5208fad1fe3,Mon Ami Gabi,149,11950 Democracy Dr,38.957037,-77.359718,8.0,31,3.0,8.1
5ab269ef58aa7f5714f90c77,Crafthouse,111,1888 Explorer St,38.957037,-77.359718,8.0,31,,7.9
5980afbe89e4905ae803a65e,Cava,548,1815 Fountain Dr,38.957037,-77.359718,8.0,31,2.0,8.9
5980afbe89e4905ae803a65e,Cava,85,1815 Fountain Dr,38.960574,-77.356324,11.0,32,2.0,8.9
5d2bf7f099a98b0023143c33,North,163,11898 Market St,38.960574,-77.356324,11.0,32,3.0,8.9
4abd83ccf964a520c78a20e3,Pitango Gelato,353,11942 Democracy Dr,38.960574,-77.356324,11.0,32,1.0,9.0
546f993e498efe71ca2acd25,Barcelona Wine Bar,481,12023 Town Square St,38.960574,-77.356324,11.0,32,2.0,9.1
4dc6eeed18387d1bd5644009,Jackson's Mighty Fine Food and Lucky Lounge,365,11927 Democracy Dr,38.960574,-77.356324,11.0,32,2.0,8.5
546f97fe498eac135aa64946,Bartaco,472,12021 Town Square St,38.960574,-77.356324,11.0,32,1.0,8.7
56843082498ee56bb7c18e90,Not Your Average Joe's,113,1845 Fountain Dr,38.960574,-77.356324,11.0,32,4.0,7.8
4adba32df964a520a42921e3,La Madeleine French Bakery & Café,26,1833 Fountain Dr,38.960574,-77.356324,11.0,32,2.0,7.6
4a4d1f13f964a5208fad1fe3,Mon Ami Gabi,354,11950 Democracy Dr,38.960574,-77.356324,11.0,32,3.0,8.1
5fb6cf80dbb2db61e33918c7,True Food Kitchen,325,11901 Democracy Dr,38.960574,-77.356324,11.0,32,2.0,8.0
5d2bf7f099a98b0023143c33,North,594,11898 Market St,38.955079,-77.351649,5.0,33,3.0,8.9
4abd83ccf964a520c78a20e3,Pitango Gelato,746,11942 Democracy Dr,38.955079,-77.351649,5.0,33,1.0,9.0
4a72187bf964a52059da1fe3,Vinifera Wine Bar & Bistro,530,11750 Sunrise Valley Dr,38.955079,-77.351649,5.0,33,2.0,8.3
5980afbe89e4905ae803a65e,Cava,813,1815 Fountain Dr,38.955079,-77.351649,5.0,33,2.0,8.9
546f993e498efe71ca2acd25,Barcelona Wine Bar,859,12023 Town Square St,38.955079,-77.351649,5.0,33,2.0,9.1
4dc6eeed18387d1bd5644009,Jackson's Mighty Fine Food and Lucky Lounge,688,11927 Democracy Dr,38.955079,-77.351649,5.0,33,2.0,8.5
4ac2393af964a520499820e3,Five Guys Burgers & Fries,374,11674 Plaza America Dr,38.955079,-77.351649,5.0,33,2.0,7.9
546f97fe498eac135aa64946,Bartaco,842,12021 Town Square St,38.955079,-77.351649,5.0,33,1.0,8.7
4b91a446f964a52033cc33e3,The Melting Pot Restaurants,218,11730 Plaza America Dr,38.955079,-77.351649,5.0,33,3.0,7.5
5fb6cf80dbb2db61e33918c7,True Food Kitchen,568,11901 Democracy Dr,38.955079,-77.351649,5.0,33,2.0,8.0
546f993e498efe71ca2acd25,Barcelona Wine Bar,506,12023 Town Square St,38.962524,-77.361902,10.0,34,2.0,9.1
5980afbe89e4905ae803a65e,Cava,480,1815 Fountain Dr,38.962524,-77.361902,10.0,34,2.0,8.9
4abd83ccf964a520c78a20e3,Pitango Gelato,521,11942 Democracy Dr,38.962524,-77.361902,10.0,34,1.0,9.0
546f97fe498eac135aa64946,Bartaco,516,12021 Town Square St,38.962524,-77.361902,10.0,34,1.0,8.7
4af81a8af964a520000b22e3,Silver Diner,529,11951 Killingsworth Ave,38.962524,-77.361902,10.0,34,1.0,8.7
5d2bf7f099a98b0023143c33,North,623,11898 Market St,38.962524,-77.361902,10.0,34,3.0,8.9
4dc6eeed18387d1bd5644009,Jackson's Mighty Fine Food and Lucky Lounge,582,11927 Democracy Dr,38.962524,-77.361902,10.0,34,2.0,8.5
5fd96954ad3f04387f5c67d7,Tiki Thai,834,12100 Sunset Hills Rd,38.962524,-77.361902,10.0,34,2.0,8.9
4a4d1f13f964a5208fad1fe3,Mon Ami Gabi,520,11950 Democracy Dr,38.962524,-77.361902,10.0,34,3.0,8.1
4a7b4d92f964a5209bea1fe3,PassionFish Reston,534,11960 Democracy Dr,38.962524,-77.361902,10.0,34,3.0,8.1
5c2123d278782c002c1e6ef6,The Block,566,8496 Tyco Rd,38.932636,-77.231825,7.0,35,2.0,8.4
5e4eb68b4f49aa000816d30b,Fish Taco,940,1644 Boro Pl,38.932636,-77.231825,7.0,35,1.0,8.2
5e259fb59ce17d0008947222,North Italia,944,1651 Boro Pl,38.932636,-77.231825,7.0,35,3.0,8.2
4b50f8eaf964a5204b3b27e3,Ruth's Chris Steak House,996,8521 Leesburg Pike,38.932636,-77.231825,7.0,35,4.0,8.1
4a490d31f964a520ebaa1fe3,Starbucks,804,8520 Leesburg Pike,38.932636,-77.231825,7.0,35,2.0,7.7
5796d56f498ee5f2a43995ec,Sir Sandwich,571,8490 Tyco Rd,38.932636,-77.231825,7.0,35,1.0,7.3
584067ecd8b0ed6124e0d05b,Starbucks,482,8200 Crestwood Heights Dr,38.932636,-77.231825,7.0,35,1.0,7.1
5c9c8fdad4cc98002c8ad975,Tropical Smoothie Cafe,996,8301 Greensboro Dr,38.932636,-77.231825,7.0,35,1.0,7.1
4bae3383f964a52066913be3,McDonald's,858,8516 Leesburg Pike,38.932636,-77.231825,7.0,35,1.0,6.9
5f089b73c7be960524e83522,Gong CHA Poki DC,917,1632 Boro Pl,38.932636,-77.231825,7.0,35,,6.9
57100290498e592d824cfee0,Lake Anne Brew House,276,11424 Washington Plz W,38.970046,-77.338686,2.0,36,2.0,8.2
4a7194f1f964a52047d91fe3,Cafe Montmartre,229,1625 Washington Plz,38.970046,-77.338686,2.0,36,2.0,7.4
4c2f69583896e21e01d8e390,Kalypso's Sports Tavern,234,1617 Washington Plz,38.970046,-77.338686,2.0,36,2.0,6.6
5e6aa53c970a0b00084cc6da,Local VA,181,1633 Washington Plz,38.970046,-77.338686,2.0,36,1.0,
6359b0a1aeb7221058e74ed4,Big Wonton,271,11438 Washington Plz W,38.970046,-77.338686,2.0,36,1.0,
634ad42fa7ed795af687a439,Nordic Knot,303,11424 Washington Plz W,38.970046,-77.338686,2.0,36,,
5d33c26cf221540008333922,Agora Tysons,800,7911 Westpark Dr,38.931911,-77.219261,6.0,37,4.0,8.3
4ac23505f964a5202f9820e3,P.F. Chang's China Bistro,984,1716M International Dr,38.931911,-77.219261,6.0,37,2.0,8.3
588cf238fc73d444369055f3,Fogo de Chao Brazilian Steakhouse,919,1775 Tysons Blvd,38.931911,-77.219261,6.0,37,4.0,8.1
49b600c6f964a52007531fe3,Wildfire,1002,1714 International Dr,38.931911,-77.219261,6.0,37,3.0,8.2
5c114a9e4b78c5002caf699b,Andy's Pizza,956,2001 International Dr,38.931911,-77.219261,6.0,37,1.0,7.8
4d55b51c6d508eecd6b5fbda,Harth,643,7920 Jones Branch Dr,38.931911,-77.219261,6.0,37,2.0,7.4
4afc43c7f964a520002122e3,The Palm Tysons Corner,932,1750 Tysons Blvd,38.931911,-77.219261,6.0,37,3.0,7.6
5f662ee2c58a6f11058c6695,Han Palace,795,7900 Westpark Dr,38.931911,-77.219261,6.0,37,2.0,7.4
584067ecd8b0ed6124e0d05b,Starbucks,763,8200 Crestwood Heights Dr,38.931911,-77.219261,6.0,37,1.0,7.1
5a36da5c112c6c3d64f6168f,Lady M,957,2001 International Dr,38.931911,-77.219261,6.0,37,1.0,7.0
54c53d93498e753931b3471c,Founding Farmers Tysons,722,1800 Tysons Blvd,38.928919,-77.225394,1.0,38,3.0,9.0
4ac23505f964a5202f9820e3,P.F. Chang's China Bistro,497,1716M International Dr,38.928919,-77.225394,1.0,38,2.0,8.3
49b600c6f964a52007531fe3,Wildfire,505,1714 International Dr,38.928919,-77.225394,1.0,38,3.0,8.2
5e175e1c20e1b00008689d2d,Paris Baguette,916,8344 Broad St,38.928919,-77.225394,1.0,38,1.0,9.2
5d33c26cf221540008333922,Agora Tysons,731,7911 Westpark Dr,38.928919,-77.225394,1.0,38,4.0,8.3
50e5a665e4b0fa1531dedc85,Paul,623,2001 International Dr,38.928919,-77.225394,1.0,38,2.0,8.0
588cf238fc73d444369055f3,Fogo de Chao Brazilian Steakhouse,653,1775 Tysons Blvd,38.928919,-77.225394,1.0,38,4.0,8.1
5c114a9e4b78c5002caf699b,Andy's Pizza,477,2001 International Dr,38.928919,-77.225394,1.0,38,1.0,7.8
5e259fb59ce17d0008947222,North Italia,859,1651 Boro Pl,38.928919,-77.225394,1.0,38,3.0,8.2
4b310f27f964a52056ff24e3,Lebanese Taverna,614,1840 International Dr,38.928919,-77.225394,1.0,38,2.0,7.7
4b467f01f964a5209c2226e3,Tropical Smoothie Cafe,13,1556 Potomac Greens Dr,38.82175,-77.047494,6.0,39,1.0,8.7
49f880d0f964a520fb6c1fe3,Rustico,28,827 Slaters Ln,38.82175,-77.047494,6.0,39,2.0,8.5
4b269567f964a520e37d24e3,Swing's Coffee Roasters,444,501 E Monroe Ave,38.82175,-77.047494,6.0,39,2.0,8.7
4afe04e4f964a5201c2d22e3,Vaso's Kitchen,356,1225 Powhatan St,38.82175,-77.047494,6.0,39,2.0,8.1
54a6f13f498e8ae2952fe100,Lost Dog Cafe,884,808 N Henry St,38.82175,-77.047494,6.0,39,2.0,9.0
577d24bf498eaa7a13554a7c,Junction Bakery & Bistro,898,1508 Mount Vernon Ave,38.82175,-77.047494,6.0,39,1.0,8.9
4b81c488f964a520e4bc30e3,Monterey's Pizza,472,1000 N Fayette St,38.82175,-77.047494,6.0,39,2.0,7.9
4fa316cbe4b0c2f103ae5622,Del Ray Cafe,921,205 E Howell Ave,38.82175,-77.047494,6.0,39,1.0,8.6
5fa1dff167a9e23eed0d248d,Sisters Thai,967,503 Montgomery St,38.82175,-77.047494,6.0,39,2.0,8.6
506f1837e4b0748e051bc599,Haute Dogs & Fries,892,610 Montgomery St,38.82175,-77.047494,6.0,39,2.0,8.2
4b12c7d0f964a520048e23e3,Pho 75,410,1721 Wilson Blvd,38.897612,-77.080851,6.0,40,1.0,8.7
4cb88ec6f50e224babb6e7fb,Bayou Bakery,754,1515 N Courthouse Rd,38.897612,-77.080851,6.0,40,2.0,8.7
56880182498e00c0173c6f65,District Taco,656,1500 Wilson Blvd,38.897612,-77.080851,6.0,40,2.0,8.4
5df52678167d42000829ae2c,Open Road,867,1201 Wilson Blvd,38.897612,-77.080851,6.0,40,,8.7
5b37ba3b356b49002c9c5e63,Compass Coffee,866,1201 Wilson Blvd,38.897612,-77.080851,6.0,40,1.0,8.6
5e5e5c8f9f640c0007342390,For Five Coffee Roasters,897,2311 Wilson Blvd,38.897612,-77.080851,6.0,40,1.0,8.2
59d8144e7247507dcdfaf4fa,Verre Wine Bar,950,2415 Wilson Blvd,38.897612,-77.080851,6.0,40,2.0,8.2
43c77738f964a5207f2d1fe3,Ragtime,933,1345 N Courthouse Rd,38.897612,-77.080851,6.0,40,2.0,8.1
5dbb09bb0a01bf0007ada687,Taco Rock,664,1501 Wilson Blvd,38.897612,-77.080851,6.0,40,1.0,7.8
55663e76498efa7eb35c59fd,Tupelo Honey,608,1616 N Troy St,38.897612,-77.080851,6.0,40,1.0,7.7
4bf41148706e20a155e2a898,Cafe Old Town,203,2111 Eisenhower Ave,38.801111,-77.068952,5.0,41,1.0,8.5
4b0f3c4bf964a520ae6023e3,Starbucks,273,2459 Eisenhower Ave,38.801111,-77.068952,5.0,41,2.0,8.1
4b29aa62f964a5204ca224e3,Pasara Thai,482,2051 Jamieson Ave,38.801111,-77.068952,5.0,41,2.0,8.3
53110553498e092206d17224,Sweet Fire Donna's,639,510 John Carlyle St,38.801111,-77.068952,5.0,41,2.0,8.6
4ad26ba3f964a52089e120e3,Ted's Montana Grill,261,2451 Eisenhower Ave,38.801111,-77.068952,5.0,41,2.0,7.8
4b5b9278f964a520fe0729e3,Delia's,236,209 Hoffman St,38.801111,-77.068952,5.0,41,2.0,7.7
4b3ba59ff964a520f37725e3,Cold Stone Creamery,260,239 Swamp Fox Rd,38.801111,-77.068952,5.0,41,1.0,7.6
54ee2adf498edddc47a1792d,Panera Bread,570,350 Dulany St,38.801111,-77.068952,5.0,41,1.0,8.0
4ac4f437f964a520b39f20e3,Potbelly Sandwich Shop,628,401 John Carlyle St,38.801111,-77.068952,5.0,41,1.0,7.9
4f344952e4b04a0243ad4d8d,Zikrayet Lebanese Restaurant & Lounge,451,2006 Eisenhower Ave,38.801111,-77.068952,5.0,41,2.0,7.4
5f77baba774ab576cbc8f52b,Ruthie's All-Day,822,3411 5th St S,38.869442,-77.104503,3.0,42,2.0,9.0
4c563d99a31176b0bb21d0bc,Ravi Kabob House,438,250 N Glebe Rd,38.869442,-77.104503,3.0,42,2.0,8.0
4aec7031f964a52019c721e3,Ravi Kabob House,521,305 N Glebe Rd,38.869442,-77.104503,3.0,42,2.0,7.9
4ca3cae41ee76dcb6c54fcdd,Thai Curry,517,307 N Glebe Rd,38.869442,-77.104503,3.0,42,2.0,7.7
590de507ea1e4476bf012950,Dunkin',293,70 N Glebe Rd,38.869442,-77.104503,3.0,42,1.0,7.4
4b2c3114f964a52071c324e3,Pupuseria Dona Azucena,361,71 N Glebe Rd,38.869442,-77.104503,3.0,42,2.0,7.2
4ad2912ef964a52038e220e3,El Pasco Cafe,469,4235 N Pershing Dr,38.869442,-77.104503,3.0,42,2.0,7.2
4e39e86d1495c19cfbbe2893,Super Pollo,980,550 N Quincy St,38.869442,-77.104503,3.0,42,1.0,7.3
4dfb81481f6eeef806ab16ad,Jimmy John's,1011,550 N Quincy St,38.869442,-77.104503,3.0,42,1.0,7.3
4b53b06ff964a520eba727e3,McDonald's,295,40 N Glebe Rd,38.869442,-77.104503,3.0,42,1.0,6.2
4a7de617f964a5201ff01fe3,The Italian Store,464,3123 Langston Blvd,38.894941,-77.09169,3.0,43,2.0,8.9
40b13b00f964a5206df41ee3,Galaxy Hut,593,2711 Wilson Blvd,38.894941,-77.09169,3.0,43,2.0,8.6
6141e4cffa2ebf4ffa105f08,Tatte Bakery & Café,711,2800 Clarendon Blvd,38.894941,-77.09169,3.0,43,1.0,8.7
57fec1cc498e56328eb0e780,Ambar,708,2901 Wilson Blvd,38.894941,-77.09169,3.0,43,2.0,8.5
4cb88ec6f50e224babb6e7fb,Bayou Bakery,817,1515 N Courthouse Rd,38.894941,-77.09169,3.0,43,2.0,8.7
53700f72498ef999e9de00ea,Nicecream,719,2831 Clarendon Blvd,38.894941,-77.09169,3.0,43,2.0,8.4
59d8144e7247507dcdfaf4fa,Verre Wine Bar,581,2415 Wilson Blvd,38.894941,-77.09169,3.0,43,2.0,8.2
5e5e5c8f9f640c0007342390,For Five Coffee Roasters,602,2311 Wilson Blvd,38.894941,-77.09169,3.0,43,1.0,8.2
4e0f5cb0e4cd27fc7d38e6e9,Cava Mezze,846,2940 Clarendon Blvd,38.894941,-77.09169,3.0,43,2.0,8.6
4b1e95e5f964a5201a1c24e3,Five Guys Burgers & Fries,620,2300 Wilson Blvd,38.894941,-77.09169,3.0,43,1.0,8.0
4b12c7d0f964a520048e23e3,Pho 75,233,1721 Wilson Blvd,38.892164,-77.079375,0.0,44,1.0,8.7
4cb88ec6f50e224babb6e7fb,Bayou Bakery,380,1515 N Courthouse Rd,38.892164,-77.079375,0.0,44,2.0,8.7
56880182498e00c0173c6f65,District Taco,499,1500 Wilson Blvd,38.892164,-77.079375,0.0,44,2.0,8.4
4bb7ff3fcf2fc9b683249f02,Sushi Rock,172,1900 Clarendon Blvd,38.892164,-77.079375,0.0,44,3.0,7.7
43052100f964a5201e271fe3,Quarterdeck,565,1200 Fort Myer Dr,38.892164,-77.079375,0.0,44,2.0,8.3
43c77738f964a5207f2d1fe3,Ragtime,463,1345 N Courthouse Rd,38.892164,-77.079375,0.0,44,2.0,8.1
55663e76498efa7eb35c59fd,Tupelo Honey,234,1616 N Troy St,38.892164,-77.079375,0.0,44,1.0,7.7
5df52678167d42000829ae2c,Open Road,823,1201 Wilson Blvd,38.892164,-77.079375,0.0,44,,8.7
5b37ba3b356b49002c9c5e63,Compass Coffee,779,1201 Wilson Blvd,38.892164,-77.079375,0.0,44,1.0,8.6
59767dff1c0b3416c4cf1cf8,Buuz Thai Eatery,161,1926 Wilson Blvd,38.892164,-77.079375,0.0,44,2.0,7.5
514c8922e4b0625866b33a28,Oishii Blue Fin,553,9613 Medical Center Dr,39.106971,-77.192645,5.0,45,2.0,7.7
5a0dc3660fe7a0039dd9e8a8,Cava,847,28 Upper Rock Cir,39.106971,-77.192645,5.0,45,2.0,7.9
4bf9a913633d9c7419ea0743,Classic Bakery,965,9204 Gaither Rd,39.106971,-77.192645,5.0,45,1.0,7.9
51489955e4b0f4108ea74533,Freshii,551,4-9613 East Medical Center Dr,39.106971,-77.192645,5.0,45,1.0,7.4
4b448a61f964a52048f625e3,Starbucks,1006,14941 Shady Grove Rd,39.106971,-77.192645,5.0,45,1.0,7.3
4ba3c8a3f964a520de5e38e3,Smoothie King,1000,14941 Shady Grove Rd,39.106971,-77.192645,5.0,45,,7.2
5108040ce4b06a85b0d583cd,Subway,629,9613F Medical Center Dr,39.106971,-77.192645,5.0,45,1.0,6.8
55f8569c498ecb164e93641c,Dunkin',234,15235 Siesta Key Way,39.106971,-77.192645,5.0,45,1.0,6.0
4b68b312f964a520dc872be3,That's Amore,301,15201 Shady Grove Rd,39.106971,-77.192645,5.0,45,3.0,5.8
4ad25881f964a52007e120e3,Red Lobster,844,15700 Shady Grove Rd,39.106971,-77.192645,5.0,45,3.0,6.2
54d421ca498efaeaed59b434,Ted's Bulletin,947,220 Ellington Blvd,39.106152,-77.202354,1.0,46,2.0,8.2
540f64d8498e3840c15f2647,Coastal Flats,970,135 Crown Park Ave,39.106152,-77.202354,1.0,46,2.0,8.2
54d0122e498e3af02a6a95d1,pizza - Gaithersburg,899,258 Crown Park Ave,39.106152,-77.202354,1.0,46,1.0,8.1
514c8922e4b0625866b33a28,Oishii Blue Fin,626,9613 Medical Center Dr,39.106152,-77.202354,1.0,46,2.0,7.7
5467f691498eace84cb4c4b0,Asia Nine,901,254 Crown Park Ave,39.106152,-77.202354,1.0,46,2.0,8.0
54d14b43498ed6beabab5f73,Old Town Pour House,961,212 Ellington Blvd,39.106152,-77.202354,1.0,46,2.0,7.8
51489955e4b0f4108ea74533,Freshii,611,4-9613 East Medical Center Dr,39.106152,-77.202354,1.0,46,1.0,7.4
541cb158498e0b63fb7db067,Paladar,937,,39.106152,-77.202354,1.0,46,2.0,7.1
5108040ce4b06a85b0d583cd,Subway,643,9613F Medical Center Dr,39.106152,-77.202354,1.0,46,1.0,6.8
4b32a258f964a5208a1025e3,Mama Wok,1005,9900 Key West Ave,39.106152,-77.202354,1.0,46,2.0,6.7
577d24bf498eaa7a13554a7c,Junction Bakery & Bistro,443,1508 Mount Vernon Ave,38.82005823354218,-77.06282079219818,8.0,47,1.0,8.9
4fa316cbe4b0c2f103ae5622,Del Ray Cafe,613,205 E Howell Ave,38.82005823354218,-77.06282079219818,8.0,47,1.0,8.6
4a75e6a9f964a52093e11fe3,The Dairy Godmother,787,2310 Mount Vernon Ave,38.82005823354218,-77.06282079219818,8.0,47,1.0,8.9
51a15ca8498ed4464a0ffd6b,Front Porch,597,2006 Mount Vernon Ave,38.82005823354218,-77.06282079219818,8.0,47,1.0,8.3
40b13b00f964a52060f41ee3,Evening Star Cafe,589,2000 Mount Vernon Ave,38.82005823354218,-77.06282079219818,8.0,47,2.0,8.2
4b269567f964a520e37d24e3,Swing's Coffee Roasters,898,501 E Monroe Ave,38.82005823354218,-77.06282079219818,8.0,47,2.0,8.7
4b743f95f964a520cccf2de3,Thai Peppers,625,2018 Mount Vernon Ave,38.82005823354218,-77.06282079219818,8.0,47,1.0,8.1
4ae32905f964a520139121e3,Del Ray Farmers' Market,829,2401 Mount Vernon Ave,38.82005823354218,-77.06282079219818,8.0,47,,8.3
509da5b4e4b057cac385f33c,Holy Cow,802,2312 Mount Vernon Ave,38.82005823354218,-77.06282079219818,8.0,47,2.0,8.2
562ae58b498e107a3d5a2871,Lena's Wood-Fired Pizza & Tap,939,401 E Braddock Rd,38.82005823354218,-77.06282079219818,8.0,47,1.0,8.3
5329cfc411d2ac08fecb088f,Italian Store,633,5837 Washington Blvd,38.880992,-77.135271,8.0,48,2.0,9.4
40b13b00f964a5209df41ee3,Lost Dog Cafe,760,5876 Washington Blvd,38.880992,-77.135271,8.0,48,2.0,9.0
4bf4a15cd2fbef3b10d1a4c5,Toby's Homemade Ice Cream & Coffee,671,5849 Washington Blvd,38.880992,-77.135271,8.0,48,1.0,8.6
4b47a2e6f964a5206a3826e3,Westover Market Beer Garden,740,5863 Washington Blvd,38.880992,-77.135271,8.0,48,2.0,8.4
4b75e0c4f964a520822b2ee3,La Union Restaurant,801,5517 Wilson Blvd,38.880992,-77.135271,8.0,48,2.0,8.3
4b414d30f964a520f0c425e3,Lebanese Taverna,793,5900 Washington Blvd,38.880992,-77.135271,8.0,48,2.0,7.5
4a91d3cff964a520061c20e3,Thai Noy Restaurant,764,5880 Washington Blvd,38.880992,-77.135271,8.0,48,2.0,7.2
55024147498ebcee44cc700f,Village Sweet,751,5872 Washington Blvd,38.880992,-77.135271,8.0,48,1.0,7.1
5ce31f0451950e002c70519b,Meridian Pint,875,6035 Wilson Blvd,38.880992,-77.135271,8.0,48,3.0,7.1
4b4a1c72f964a520f77a26e3,Forrest Inn,680,5849 Washington Blvd,38.880992,-77.135271,8.0,48,2.0,6.3
558b77cf498e1afd4bd16e6d,South Block Co,471,2121 N Westmoreland St,38.88532071975074,-77.15642720460892,3.0,49,1.0,9.0
4c5e0d28ed29ef3bb9159876,La Cote D'or Cafe,575,6876 Langston Blvd,38.88532071975074,-77.15642720460892,3.0,49,1.0,8.0
5544d305498e4078cac649b7,Cafe Kindred & Townshend Bar,781,450 N Washington St,38.88532071975074,-77.15642720460892,3.0,49,2.0,8.0
532ce25c498e0d456ef8ce7f,Yayla Bistro,558,2201 N Westmoreland St,38.88532071975074,-77.15642720460892,3.0,49,3.0,7.6
4f73a6bfe4b08bf0daf69e9a,Chasin' Tails,596,2200 N Westmoreland St,38.88532071975074,-77.15642720460892,3.0,49,3.0,7.4
5c1836c49ba3e5002ccaec57,Yume Sushi,487,2121 N Westmoreland St,38.88532071975074,-77.15642720460892,3.0,49,2.0,6.8
4d7b95b3136bf04d03714e8d,The Regal Begal,441,404 N Van Buren St,38.88532071975074,-77.15642720460892,3.0,49,1.0,
590b3b04cad1b63d7ff5f532,Tea With Mrs. B,827,136 W Jefferson St,38.88532071975074,-77.15642720460892,3.0,49,,
4a6c72c1f964a5208dd01fe3,Pastries By Randolph,17,4500 Cherry Hill Rd,38.898301,-77.118009,3.0,50,2.0,8.7
4b65bb5df964a52051fc2ae3,Lebanese Taverna Market,96,4400 Langston Blvd,38.898301,-77.118009,3.0,50,2.0,8.3
5fe29068fcbaf0450d0f30a0,Cafe Colline,100,4536 Cherry Hill Rd,38.898301,-77.118009,3.0,50,,8.2
5723d4fe498e59d0d0f657b0,Livin The Pie Life,471,2166 N Glebe Rd,38.898301,-77.118009,3.0,50,,8.6
4b58b8bef964a5206d6728e3,Starbucks,86,4526 Cherry Hill Rd,38.898301,-77.118009,3.0,50,1.0,7.7
4b7b3fc9f964a520775a2fe3,Heidelberg Pastry Shoppe,834,2150 N Culpeper St,38.898301,-77.118009,3.0,50,2.0,8.8
4a4c577cf964a5202ead1fe3,Crisp & Juicy,113,4540 Cherry Hill Rd,38.898301,-77.118009,3.0,50,1.0,7.5
50cf84f8e4b0e9d64a94b7aa,Chipotle Mexican Grill,64,4520 Cherry Hill Rd,38.898301,-77.118009,3.0,50,2.0,7.1
5c3d13cf840fc2002ca34c12,Old Dominion Pizza Company,52,4514 Cherry Hill Rd,38.898301,-77.118009,3.0,50,1.0,6.8
40b13b00f964a5204bf41ee3,Cowboy Cafe,655,4792 Langston Blvd,38.898301,-77.118009,3.0,50,2.0,7.4
