name,review_count,rating,distance,price,location.address1,station latitude,station longitude,number of bikes,station id
Seamore's - Arlington,155,9.0,670.7353272541926,,2815 Clarendon Blvd,38.890612,-77.084801,0.0,1
Mejana,813,8.0,210.57419734291352,2.0,2300 Wilson Blvd,38.890612,-77.084801,0.0,1
Tupelo Honey Southern Kitchen & Bar,2392,8.0,308.05350854011704,2.0,1616 N Troy St,38.890612,-77.084801,0.0,1
Courthaus Social,480,8.0,199.4250353330203,2.0,2300 Clarendon Blvd,38.890612,-77.084801,0.0,1
Takeshi Sushi,138,9.0,295.37622541044686,2.0,2424 Wilson Blvd,38.890612,-77.084801,0.0,1
Fire Works Pizza,865,8.0,231.04662027508263,2.0,2350 Clarendon Blvd,38.890612,-77.084801,0.0,1
Ambar,1877,9.0,784.9736537020015,3.0,2901 Wilson Blvd,38.890612,-77.084801,0.0,1
Three Whistles,86,9.0,567.1484863172517,1.0,2719 Wilson Blvd,38.890612,-77.084801,0.0,1
Brass Rabbit Pub,96,9.0,885.4332557827812,2.0,1210 N Garfield St,38.890612,-77.084801,0.0,1
Verre Wine Bar,165,9.0,249.3802192463039,2.0,2415 Wilson Blvd,38.890612,-77.084801,0.0,1
TNR Cafe,779,8.0,162.61442342742984,2.0,2049 Wilson Blvd,38.890612,-77.084801,0.0,1
Asahi Japanese Restaurant,274,8.0,198.54891372856062,2.0,2250 Clarendon Blvd,38.890612,-77.084801,0.0,1
Burger District Gourmet Burgers and Bar,277,8.0,229.32066602245516,2.0,2024 Wilson Blvd,38.890612,-77.084801,0.0,1
Buena Vida,434,8.0,777.8530833894142,2.0,2900 Wilson Blvd,38.890612,-77.084801,0.0,1
Guerra Steakhouse,88,9.0,640.6712571053315,,1725 Wilson Blvd,38.890612,-77.084801,0.0,1
Inca Social,219,8.0,653.7799273605449,2.0,1776 Wilson Blvd,38.890612,-77.084801,0.0,1
Courthouse Kabob,124,9.0,167.34080862570127,2.0,2045 Wilson Blvd,38.890612,-77.084801,0.0,1
Toryumon Japanese House,192,9.0,729.2501772972932,2.0,1650 Wilson Blvd,38.890612,-77.084801,0.0,1
Ragtime,339,7.0,181.0842810087322,2.0,1345 N Court House Rd,38.890612,-77.084801,0.0,1
Sawatdee Thai Restaurant,678,7.0,150.52864972741665,2.0,2250 Clarendon Blvd,38.890612,-77.084801,0.0,1
Mansa Kunda Restaurant,166,9.0,266.1534623592252,2.0,8000 Flower Ave,38.986743,-77.000035,7.0,2
Seoul Food DC,488,9.0,1085.7838543467592,2.0,7302 Carroll Ave,38.986743,-77.000035,7.0,2
SOKO Butcher Shop & Market,52,9.0,1073.7497258775845,2.0,7306 Carroll Ave,38.986743,-77.000035,7.0,2
La Casita Pupuseria & Market,397,8.0,1107.3984780138796,1.0,8214 Piney Branch,38.986743,-77.000035,7.0,2
Zemen Market and Carryout,3,10.0,756.4325930230681,,7605 Maple Ave,38.986743,-77.000035,7.0,2
Peter's Sub Shop,55,8.0,763.5473965972151,1.0,7603 Maple Ave,38.986743,-77.000035,7.0,2
Taqueria El Rodeo,2,9.0,1118.1552599319662,,8008 New Hampshire Ave,38.986743,-77.000035,7.0,2
Spring Mill Bread,67,8.0,1090.4745745893279,1.0,7300 Carroll Ave,38.986743,-77.000035,7.0,2
Kobe Japan Hibachi and Sushi,7,9.0,931.9673256508696,,1163 University Blvd E,38.986743,-77.000035,7.0,2
Sardi's Pollo A La Brasa,125,7.0,938.9338162930753,2.0,1159 University Blvd E,38.986743,-77.000035,7.0,2
TenderFix by Noah Schnapp,1,2.0,678.0823048105685,,,38.986743,-77.000035,7.0,2
Charlie's Empanadas,3,9.0,874.0873043205609,,,38.986743,-77.000035,7.0,2
ELSITIO Restaurant BAR,1,8.0,1095.631752092488,,8210 Piney Branch Rd,38.986743,-77.000035,7.0,2
Cheros Grill,24,10.0,1111.918761250573,,7224 Carroll Ave,38.986743,-77.000035,7.0,2
Charleys Cheesesteaks and Wings,5,8.0,1053.0422401857488,,8046 New Hampshire Ave,38.986743,-77.000035,7.0,2
Pupuseria El Comalito,68,6.0,965.4530842533738,1.0,1167 University Blvd E,38.986743,-77.000035,7.0,2
Nini's Pizza,1,8.0,1053.826853979883,,8064 New Hampshire Ave,38.986743,-77.000035,7.0,2
Bussin Moma’s,0,0.0,874.0873043205609,,6002 Liberty Rd,38.986743,-77.000035,7.0,2
Sunnyside Gourmet,0,0.0,851.4527735335674,,15 Sunnyside Rd,38.986743,-77.000035,7.0,2
Tipico Dominicano,7,6.0,1107.2061628915244,,7216 New Hampshire Ave,38.986743,-77.000035,7.0,2
Potomac Social Tavern,24,8.0,552.3590083035558,,1480 Crystal Dr,38.865553,-77.05003,8.0,3
Tacombi,173,8.0,718.6077799651396,2.0,1550 Crystal Dr,38.865553,-77.05003,8.0,3
Skydome Restaurant,383,6.0,309.12404715673887,3.0,300 Army Navy Dr,38.865553,-77.05003,8.0,3
Epic SmokeHouse,633,7.0,711.8080904917491,3.0,1330 S Fern St,38.865553,-77.05003,8.0,3
Santé,35,8.0,915.121911842372,3.0,1250 S Hayes St,38.865553,-77.05003,8.0,3
Nutrio Bar and Restaurant,3,9.0,956.2894520829809,2.0,1800 Jefferson Davis Hwy,38.865553,-77.05003,8.0,3
Queen Mother’s Chicken,97,9.0,815.3867884555038,2.0,1601 Crystal Drive,38.865553,-77.05003,8.0,3
Matchbox - Pentagon City,725,7.0,918.1302907803573,2.0,1100 South Hayes St,38.865553,-77.05003,8.0,3
Paramount Cafe,338,10.0,639.746062915982,1.0,1425 S Eads St,38.865553,-77.05003,8.0,3
Good Company Donuts & Cafe,8,8.0,654.4110208174833,,510 14th St S,38.865553,-77.05003,8.0,3
Extreme Pizza - Arlington,575,8.0,752.2251130083711,2.0,1419 S Fern St,38.865553,-77.05003,8.0,3
Mah-Ze-Dahr Bakery,103,9.0,769.8215033055048,2.0,1550 Crystal City Dr,38.865553,-77.05003,8.0,3
Alamo Drafthouse Cinema Crystal City,110,8.0,737.5719307766968,2.0,1660 Crystal Dr,38.865553,-77.05003,8.0,3
15th & Eads,38,7.0,862.4409421445941,2.0,1700 Richmond Hwy,38.865553,-77.05003,8.0,3
Rosa Mexicano,40,7.0,947.1999724123292,,1100 S Hayes St,38.865553,-77.05003,8.0,3
Peruvian Brothers,4,7.0,815.3867884555038,,1601 Crystal Dr,38.865553,-77.05003,8.0,3
Crystal Grill,4,7.0,505.6560837791346,2.0,1300 Jefferson Davis Hwy,38.865553,-77.05003,8.0,3
Shuck Shack,28,9.0,950.5501990936423,1.0,1100 S Hayes St,38.865553,-77.05003,8.0,3
Kong Dog,14,9.0,1009.5803314531576,,1100 S Hayes St,38.865553,-77.05003,8.0,3
Sushi Garden,134,8.0,784.6273593853715,2.0,1680 Crystal Sq Arc,38.865553,-77.05003,8.0,3
Matt and Tony's All Day Kitchen Bar,543,9.0,46.66305388405144,2.0,1501 Mt Vernon Ave,38.820064,-77.057619,7.0,4
Gostov Boulangerie & Brasserie,19,8.0,671.6574116755736,,2213 Mt Vernon Ave,38.820064,-77.057619,7.0,4
Del Ray Cafe,815,8.0,414.32703074260775,2.0,205 E Howell Ave,38.820064,-77.057619,7.0,4
Junction Bakery & Bistro,409,7.0,35.90574482180102,2.0,1508 Mt Vernon Ave,38.820064,-77.057619,7.0,4
Kaizen Tavern,211,8.0,389.18035211960853,2.0,1909 Mount Vernon Ave,38.820064,-77.057619,7.0,4
Dreampt,1,10.0,668.0051329350802,,2218 Mt Vernon Ave,38.820064,-77.057619,7.0,4
Front Porch,72,7.0,464.0221157850701,2.0,2006 Mount Vernon,38.820064,-77.057619,7.0,4
Dos Hermanos Fine Tex Mex,15,7.0,452.9361958924683,,1603 Commonwealth Ave,38.820064,-77.057619,7.0,4
Lena's Wood-Fired Pizza & Tap,1377,8.0,753.2152266053611,2.0,401 E Braddock Rd,38.820064,-77.057619,7.0,4
Evening Star Cafe,615,7.0,442.5695190343596,2.0,2000 Mount Vernon Ave,38.820064,-77.057619,7.0,4
Holy Cow,748,8.0,728.1468984815587,2.0,2312 Mt Vernon Ave,38.820064,-77.057619,7.0,4
Rubia’s,11,8.0,729.4049914072491,,2309 Mt Vernon Ave,38.820064,-77.057619,7.0,4
Market 2 Market,162,8.0,705.3290977561951,1.0,116 E Del Ray Ave,38.820064,-77.057619,7.0,4
Al's Steakhouse ,346,7.0,15.24127634505585,2.0,1504 Mount Vernon Ave,38.820064,-77.057619,7.0,4
Bella Napoli,177,7.0,210.97362673796408,2.0,1310 Mt Vernon Ave,38.820064,-77.057619,7.0,4
Cheesetique,801,8.0,813.4125793381517,2.0,2411 Mount Vernon Ave,38.820064,-77.057619,7.0,4
South China,353,8.0,226.16548974334853,1.0,1302 Mt Vernon Ave,38.820064,-77.057619,7.0,4
Rosemarino D'Italia,182,8.0,379.4340954821431,2.0,1905 Mount Vernon Ave,38.820064,-77.057619,7.0,4
Railbird Kitchen,11,10.0,960.7659222578152,,804 N Henry St,38.820064,-77.057619,7.0,4
Slaters Market,80,9.0,889.849416220524,2.0,1552 Potomac Greens Dr,38.820064,-77.057619,7.0,4
Northside 10,386,9.0,352.2388722314295,2.0,10 E Glebe Rd Alexandria,38.833077,-77.059821,11.0,5
Los Tres Amigos Tex-Mex & Italian Cuisine,2,9.0,692.7734903888787,,410 E Glebe Rd,38.833077,-77.059821,11.0,5
Gostov Boulangerie & Brasserie,19,8.0,788.0442694626304,,2213 Mt Vernon Ave,38.833077,-77.059821,11.0,5
Los Tios Grill,875,8.0,446.65429031395183,2.0,2615 Mount Vernon Ave,38.833077,-77.059821,11.0,5
Hops N Shine,150,8.0,365.09102244075126,2.0,3410 Mt Vernon Ave,38.833077,-77.059821,11.0,5
Stracci Pizza,98,9.0,239.67596376377412,2.0,106 Hume Ave,38.833077,-77.059821,11.0,5
SPICE KRAFT Indian Bistro,214,9.0,491.2637531764567,2.0,2607 Mount Vernon Ave,38.833077,-77.059821,11.0,5
Dreampt,1,10.0,791.710891114398,,2218 Mt Vernon Ave,38.833077,-77.059821,11.0,5
Cheesetique,801,8.0,646.8682667463584,2.0,2411 Mount Vernon Ave,38.833077,-77.059821,11.0,5
Royal Nepal,489,9.0,756.4097264702195,2.0,3807 Mount Vernon Ave,38.833077,-77.059821,11.0,5
Holy Cow,748,8.0,731.7101110925678,2.0,2312 Mt Vernon Ave,38.833077,-77.059821,11.0,5
Souvlaki Bar - Alexandria,300,8.0,780.4724357803924,2.0,2732 Richmond Hwy,38.833077,-77.059821,11.0,5
Rubia’s,11,8.0,730.62787162919,,2309 Mt Vernon Ave,38.833077,-77.059821,11.0,5
RT's Restaurant,591,8.0,754.6764890652155,3.0,3804 Mt Vernon Ave,38.833077,-77.059821,11.0,5
South Block,153,8.0,70.78187957004931,2.0,3051 Mt Vernon Ave,38.833077,-77.059821,11.0,5
Huascaran,75,8.0,599.9406699821627,2.0,3606 Mount Vernon Ave,38.833077,-77.059821,11.0,5
Front Porch,72,7.0,996.1154283096162,2.0,2006 Mount Vernon,38.833077,-77.059821,11.0,5
Taste of Eurasia,68,10.0,732.0283793475131,2.0,428 A Hume Ave,38.833077,-77.059821,11.0,5
The Alley at Stomping Ground,1,10.0,730.62787162919,,2309 Mt Vernon Ave,38.833077,-77.059821,11.0,5
Market 2 Market,162,8.0,756.482532096207,1.0,116 E Del Ray Ave,38.833077,-77.059821,11.0,5
Botanero Restaurant,672,9.0,103.29003920445263,2.0,800 Pleasant Dr,39.114688,-77.171487,9.0,6
Fontina Grille,572,8.0,100.7286397379486,2.0,801 Pleasant Dr,39.114688,-77.171487,9.0,6
Ming’s Chinese Restaurant,1,8.0,139.68167846084845,,800 Pleasant Dr,39.114688,-77.171487,9.0,6
"King's Craft Beer, Wine, & Deli",35,9.0,131.55592969857864,2.0,402 King Farm Blvd,39.114688,-77.171487,9.0,6
Wang Manor,122,7.0,466.7915997074395,2.0,16051 Frederick Rd,39.114688,-77.171487,9.0,6
Barra Brava Cevicheria Urbana,64,8.0,440.376613286151,,15921 N Frederick Rd,39.114688,-77.171487,9.0,6
Nagoya Sushi,230,7.0,131.58850123031598,2.0,402 King Farm Blvd,39.114688,-77.171487,9.0,6
Rise Southern Biscuits & Righteous Chicken,64,8.0,939.549435237936,,16248 Frederick Rd,39.114688,-77.171487,9.0,6
Coffee Republic,306,8.0,59.368334722315595,1.0,801 Pleasant Dr,39.114688,-77.171487,9.0,6
Baja Fresh,53,6.0,63.19598080261876,1.0,302 King Farm Blvd,39.114688,-77.171487,9.0,6
Bon Fresco,57,9.0,734.9779609907317,1.0,534 Gaither Rd,39.114688,-77.171487,9.0,6
Farmsook Happiness Thai Kitchen,186,9.0,973.7376615632666,2.0,800 King Farm Blvd,39.114688,-77.171487,9.0,6
Bento Sushi,0,0.0,152.1649052653227,,403 Redland Blvd,39.114688,-77.171487,9.0,6
Taqueria Andrea’s Grill,34,10.0,734.0310321062159,,15701 Frederick Rd,39.114688,-77.171487,9.0,6
La Mexicana,119,7.0,888.7592524221195,2.0,16143 Shady Grove Rd,39.114688,-77.171487,9.0,6
Giacomo’s Brick Oven Pizza,7,10.0,612.621816297493,,300 Saddle Ridge Cir,39.114688,-77.171487,9.0,6
Juanita's Restaurant,37,6.0,633.9209732426846,1.0,15883 Redland Rd,39.114688,-77.171487,9.0,6
Charlie's Pizza & Subs,41,8.0,553.5781553670266,1.0,15855 Redland Rd,39.114688,-77.171487,9.0,6
Slider Rider,80,10.0,877.502944071723,1.0,8600 Zetts Ave,39.114688,-77.171487,9.0,6
Ripieno's Pizza,21,6.0,1094.0540851017524,,16004 Shady Grove Rd,39.114688,-77.171487,9.0,6
King Farm Grill,15,7.0,132.63143864024423,2.0,920 King Farm Blvd,39.110314,-77.182669,1.0,7
Botanero Restaurant,672,9.0,1033.8166492929354,2.0,800 Pleasant Dr,39.110314,-77.182669,1.0,7
Farmsook Happiness Thai Kitchen,186,9.0,109.70679183030998,2.0,800 King Farm Blvd,39.110314,-77.182669,1.0,7
Galito’s Flame Grill Chicken,51,9.0,862.4020389859908,,15918 Shady Grove Rd,39.110314,-77.182669,1.0,7
Naked Lunch,26,9.0,389.19161564327493,2.0,10 Upper Rock Cir,39.110314,-77.182669,1.0,7
Bon Fresco,57,9.0,671.0970829832227,1.0,534 Gaither Rd,39.110314,-77.182669,1.0,7
Cava,118,7.0,259.76727806939164,2.0,28 Upper Rock Cir,39.110314,-77.182669,1.0,7
Ming’s Chinese Restaurant,1,8.0,1056.3516784517972,,800 Pleasant Dr,39.110314,-77.182669,1.0,7
"Pieology Pizzeria, Gaithersburg, MD",207,8.0,803.5312976385675,2.0,15780 Shady Grove Rd,39.110314,-77.182669,1.0,7
Dulcinea Bar & Grill Gaithersburg,233,8.0,894.5314798282031,2.0,9103 Gaither Rd,39.110314,-77.182669,1.0,7
The Melting Pot,295,8.0,870.2956875138588,3.0,9021 Gaither Rd,39.110314,-77.182669,1.0,7
"King's Craft Beer, Wine, & Deli",35,9.0,970.3599383639477,2.0,402 King Farm Blvd,39.110314,-77.182669,1.0,7
New York Deli,7,8.0,1307.7829384816303,1.0,9601 Blackwell Rd,39.110314,-77.182669,1.0,7
Don Pollo,167,8.0,870.2224686840118,1.0,9083 Gaither Rd,39.110314,-77.182669,1.0,7
Love Sushi,512,8.0,871.6127929474745,2.0,9031 Gaither Rd,39.110314,-77.182669,1.0,7
That's Amore,236,6.0,816.130820170922,2.0,15201 Shady Grove Rd,39.110314,-77.182669,1.0,7
Carvings Cafe,19,7.0,420.8456196614008,2.0,702 King Farm Blvd,39.110314,-77.182669,1.0,7
Sandwiches & Such,10,10.0,713.7901563676737,,15215 Shady Grove Rd,39.110314,-77.182669,1.0,7
Firehouse Subs,52,6.0,429.34432093223546,1.0,28 Upper Rock Cir,39.110314,-77.182669,1.0,7
Kaveri,59,7.0,866.4563173077446,2.0,9011 Gaither Rd,39.110314,-77.182669,1.0,7
All Set Restaurant & Bar,1053,8.0,329.50480649577287,2.0,8630 Fenton St,38.999388,-77.031555,8.0,8
Cubano's Restaurant,608,8.0,395.2318644504741,2.0,1201 Fidler Ln,38.999388,-77.031555,8.0,8
Citizens and Culture,44,7.0,1046.2243586847876,,8113 Georgia Ave,38.999388,-77.031555,8.0,8
LOCAVINO,95,9.0,661.8224597886069,2.0,8519 Fenton St,38.999388,-77.031555,8.0,8
La Malinche,583,8.0,428.153346591705,2.0,8622 Colesville Rd,38.999388,-77.031555,8.0,8
The Breakfast Club,173,8.0,956.0915087871098,2.0,8240 Fenton St,38.999388,-77.031555,8.0,8
Copper Canyon Grill- Silver Spring,859,8.0,614.8904566612604,2.0,928 Ellsworth Dr,38.999388,-77.031555,8.0,8
Kusshi Sushi Silver Spring,98,9.0,667.935559063859,2.0,8512 Fenton St,38.999388,-77.031555,8.0,8
J Hollingers Watermans Chophouse,61,8.0,440.17473112406526,3.0,8606 Colesville Rd,38.999388,-77.031555,8.0,8
Koite Grill,51,9.0,429.50945476902876,2.0,8626 Colesville Rd,38.999388,-77.031555,8.0,8
Pho Tan Vinh,303,8.0,454.03834113087885,2.0,8705 Colesville Rd,38.999388,-77.031555,8.0,8
Miss Toya’s Creole House,423,7.0,528.8610046723534,,923 Ellsworth Dr,38.999388,-77.031555,8.0,8
Money Muscle BBQ,44,8.0,312.81650980223463,2.0,8630 Fenton St,38.999388,-77.031555,8.0,8
Sushi Jin,803,8.0,495.76934784589935,2.0,8555-A Fenton St,38.999388,-77.031555,8.0,8
Quarry House Tavern,760,8.0,785.4383674871258,2.0,8401 Georgia Ave,38.999388,-77.031555,8.0,8
Spice Street,121,9.0,829.7838294585496,,8242 Georgia Ave,38.999388,-77.031555,8.0,8
Matchbox - Silver Spring,327,7.0,548.1421819563842,2.0,919 Ellsworth Dr,38.999388,-77.031555,8.0,8
Mandalay Restaurant & Cafe,670,8.0,842.9714825648912,2.0,930 Bonifant St,38.999388,-77.031555,8.0,8
Kook Kai's Thai Noodles,77,9.0,794.2644761058012,2.0,939 Bonifant St,38.999388,-77.031555,8.0,8
Halal Brothers,6,9.0,445.0070714684606,,8600 Georgia Ave,38.999388,-77.031555,8.0,8
All Set Restaurant & Bar,1053,8.0,247.52628685829268,2.0,8630 Fenton St,38.997033,-77.025608,9.0,9
LOCAVINO,95,9.0,86.72692480705446,2.0,8519 Fenton St,38.997033,-77.025608,9.0,9
Citizens and Culture,44,7.0,680.4825033167261,,8113 Georgia Ave,38.997033,-77.025608,9.0,9
The Breakfast Club,173,8.0,486.0559444948624,2.0,8240 Fenton St,38.997033,-77.025608,9.0,9
Cubano's Restaurant,608,8.0,413.13758003833294,2.0,1201 Fidler Ln,38.997033,-77.025608,9.0,9
Copper Canyon Grill- Silver Spring,859,8.0,211.74695435047192,2.0,928 Ellsworth Dr,38.997033,-77.025608,9.0,9
La Malinche,583,8.0,176.48068660160993,2.0,8622 Colesville Rd,38.997033,-77.025608,9.0,9
Kusshi Sushi Silver Spring,98,9.0,106.01344395578138,2.0,8512 Fenton St,38.997033,-77.025608,9.0,9
Koite Grill,51,9.0,183.4717076714129,2.0,8626 Colesville Rd,38.997033,-77.025608,9.0,9
J Hollingers Watermans Chophouse,61,8.0,206.28163365612568,3.0,8606 Colesville Rd,38.997033,-77.025608,9.0,9
Pho Tan Vinh,303,8.0,130.96987045008723,2.0,8705 Colesville Rd,38.997033,-77.025608,9.0,9
Sushi Jin,803,8.0,85.50923006014439,2.0,8555-A Fenton St,38.997033,-77.025608,9.0,9
Spice Street,121,9.0,485.10926944079966,,8242 Georgia Ave,38.997033,-77.025608,9.0,9
Miss Toya’s Creole House,423,7.0,144.69185547737484,,923 Ellsworth Dr,38.997033,-77.025608,9.0,9
Firepan Korean BBQ,40,8.0,315.5413214268552,,962 Wayne Ave,38.997033,-77.025608,9.0,9
Quarry House Tavern,760,8.0,392.74676599965306,2.0,8401 Georgia Ave,38.997033,-77.025608,9.0,9
Mandalay Restaurant & Cafe,670,8.0,373.9366966150758,2.0,930 Bonifant St,38.997033,-77.025608,9.0,9
Kook Kai's Thai Noodles,77,9.0,325.24316199918655,2.0,939 Bonifant St,38.997033,-77.025608,9.0,9
Matchbox - Silver Spring,327,7.0,120.96102726577666,2.0,919 Ellsworth Dr,38.997033,-77.025608,9.0,9
Underground Pizza - Silver Spring,152,8.0,484.38558002241103,,8235 Georgia Ave,38.997033,-77.025608,9.0,9
King Farm Grill,15,7.0,968.5091353857715,2.0,920 King Farm Blvd,39.102212,-77.177091,8.0,10
Bon Fresco,57,9.0,743.1430305414425,1.0,534 Gaither Rd,39.102212,-77.177091,8.0,10
Farmsook Happiness Thai Kitchen,186,9.0,1000.2413511315447,2.0,800 King Farm Blvd,39.102212,-77.177091,8.0,10
Research Cafe,17,8.0,367.38696237757756,2.0,1901 Research Blvd,39.102212,-77.177091,8.0,10
Giacomo’s Brick Oven Pizza,7,10.0,966.4333928364301,,300 Saddle Ridge Cir,39.102212,-77.177091,8.0,10
Nirvana Bistro & Lounge,4,4.0,996.5713476571791,,3 Research Ct,39.102212,-77.177091,8.0,10
Cafe X Press,1,8.0,109.62059065080791,,1301 Piccard Dr,39.102212,-77.177091,8.0,10
Carvings Cafe,19,7.0,1004.240832384198,2.0,702 King Farm Blvd,39.102212,-77.177091,8.0,10
Research Court Deli,10,8.0,1006.8416981046842,1.0,1 Research Ct,39.102212,-77.177091,8.0,10
Research Center Deli,9,8.0,411.1875151046078,1.0,2275 Research Blvd,39.102212,-77.177091,8.0,10
Monarch Cafe,3,7.0,465.7200797524155,,1375 Piccard Dr,39.102212,-77.177091,8.0,10
Rock Grille Bar & Restaurant,0,0.0,571.7108683080817,,1380 Piccard Dr,39.102212,-77.177091,8.0,10
1801 Cafe,0,0.0,513.8179369416155,,1801 Research Blvd,39.102212,-77.177091,8.0,10
Redland Cafe,1,6.0,722.3159762441384,,530 Gaither Rd,39.102212,-77.177091,8.0,10
Cafe Services,0,0.0,411.1875151046078,,2275 Research Blvd,39.102212,-77.177091,8.0,10
American Grill,0,0.0,929.3542813780834,,2400 Research Blvd,39.102212,-77.177091,8.0,10
Atrium Bistro,0,0.0,997.893437304107,,3 Research Ct,39.102212,-77.177091,8.0,10
Kiin Imm Thai Restaurant - Rockville,918,9.0,62.41004218920846,2.0,785 D Rockville Pike,39.076331,-77.141378,7.0,11
Oc & Crab Seafood Restaurant,27,8.0,136.43447323601944,,765 Rockville Pike,39.076331,-77.141378,7.0,11
Rangoon Ruby,6,9.0,885.5347257095431,,1066 Rockville Pike,39.076331,-77.141378,7.0,11
Bangkok Garden - Rockville,366,9.0,440.9150241755227,2.0,891-D Rockville Pike,39.076331,-77.141378,7.0,11
GAMA Korean Chicken,92,8.0,136.5315326857397,2.0,765 Rockville Pike,39.076331,-77.141378,7.0,11
Maki,914,8.0,392.3051323813653,2.0,842C Rockville Pike,39.076331,-77.141378,7.0,11
Pupuseria Mama Emilia,46,9.0,62.41004218915103,2.0,785 Rockville Pike,39.076331,-77.141378,7.0,11
El Mercat Bar De Tapas,127,9.0,1343.8682998839663,,101 Gibbs St,39.076331,-77.141378,7.0,11
Hangry Joe's Hot Chicken - Rockville,32,8.0,354.7506537926538,,718 Rockville Pike,39.076331,-77.141378,7.0,11
Mission BBQ,525,9.0,391.88627041367533,2.0,885 Rockville Pike,39.076331,-77.141378,7.0,11
Fire Pit Brazilian BBQ,23,9.0,252.10495013771367,2.0,804 Rockville Pike,39.076331,-77.141378,7.0,11
Pike Kitchen,591,8.0,884.5752901455107,2.0,1066 Rockville Pike,39.076331,-77.141378,7.0,11
OM Fine Indian Cuisine,547,8.0,95.30281902295297,2.0,785-K Rockville Pike,39.076331,-77.141378,7.0,11
El Mariachi,222,8.0,136.43447323601944,2.0,765 Rockville Pike,39.076331,-77.141378,7.0,11
Super Bowl Noodle House,157,7.0,65.04026434210591,2.0,785-G Rockville Pike,39.076331,-77.141378,7.0,11
Damso Korean BBQ,37,7.0,1298.7512893783608,2.0,1321 Rockville Pike,39.076331,-77.141378,7.0,11
Pho Nom Nom,877,8.0,393.25450845666313,2.0,842 Rockville Pike,39.076331,-77.141378,7.0,11
East Pearl Restaurant,503,7.0,358.96047078241594,2.0,838 B Rockville Pike,39.076331,-77.141378,7.0,11
A & J Restaurant,1057,8.0,1248.8192368193156,2.0,1319 Rockville Pike,39.076331,-77.141378,7.0,11
Kumbia Restaurant,50,8.0,1360.9385167041528,,100 Gibbs St,39.076331,-77.141378,7.0,11
The Salt Line - Bethesda,26,8.0,603.0018813159387,,7284 Woodmont Ave,38.977093,-77.094589,2.0,12
Hawkers Asian Street Food,684,8.0,578.7486390024516,2.0,7117 Bethesda Ln,38.977093,-77.094589,2.0,12
Delhi Spice,46,10.0,608.1556418228975,2.0,4925 Bethesda Ave,38.977093,-77.094589,2.0,12
Maya Cuisine Restaurant & Bar,83,9.0,689.7163057917348,,7345-A Wisconsin Ave,38.977093,-77.094589,2.0,12
True Food Kitchen,690,8.0,390.1706489937166,2.0,7100 Wisconsin Ave,38.977093,-77.094589,2.0,12
Chiko,89,8.0,594.2066284781782,2.0,7280 Woodmont Ave,38.977093,-77.094589,2.0,12
PLANTA Bethesda,258,9.0,580.6888818282781,2.0,4910 Elm St,38.977093,-77.094589,2.0,12
Mon Ami Gabi,1329,8.0,492.6536231747671,3.0,7239 Woodmont Ave,38.977093,-77.094589,2.0,12
Wang Dynasty,175,8.0,620.5137203566541,2.0,4929 Bethesda Ave,38.977093,-77.094589,2.0,12
Zao Stamina Ramen,116,8.0,686.8810145394341,2.0,7345 Wisconsin Ave,38.977093,-77.094589,2.0,12
maman,137,7.0,607.0140224894708,,7140 Bethesda Ln,38.977093,-77.094589,2.0,12
Tacombi,92,7.0,464.36269659604886,2.0,4749 Bethesda Ave,38.977093,-77.094589,2.0,12
Silver New American Brasserie,610,8.0,386.5657254323271,2.0,7150 Woodmont Ave,38.977093,-77.094589,2.0,12
Maki Bar,114,8.0,373.3143159015266,2.0,6831 Wisconsin Ave,38.977093,-77.094589,2.0,12
Tatte Bakery & Cafe,267,8.0,586.8752754013166,2.0,7276 Wisconsin Ave,38.977093,-77.094589,2.0,12
Don Pollo,160,8.0,381.0038235393176,1.0,7007 Wisconsin Ave,38.977093,-77.094589,2.0,12
Corella Café and Lounge,22,9.0,751.8203593718918,2.0,4646 Montgomery Ave,38.977093,-77.094589,2.0,12
Fish Taco,118,8.0,518.4335067021785,2.0,7251 Woodmont Ave,38.977093,-77.094589,2.0,12
Tako Grill,75,8.0,619.3585388796392,2.0,4914 Hampden Ln,38.977093,-77.094589,2.0,12
Luke's Lobster Bethesda,402,8.0,600.8077355272716,2.0,7129 Bethesda Ln,38.977093,-77.094589,2.0,12
The Majestic,736,9.0,648.5493685716647,2.0,911 King St,38.811456,-77.050276,4.0,13
Vola's Dockside Grill & Hi-Tide Lounge,2410,9.0,1175.1903601815707,2.0,101 N Union St,38.811456,-77.050276,4.0,13
Old House Cosmopolitan Grill,199,9.0,550.3165152817895,2.0,1024 Cameron St,38.811456,-77.050276,4.0,13
Matt and Tony's All Day Kitchen Bar,543,9.0,1105.419137435321,2.0,1501 Mt Vernon Ave,38.811456,-77.050276,4.0,13
Hen Quarter,1478,8.0,690.4381835897502,2.0,801 King St,38.811456,-77.050276,4.0,13
Vaso's Mediterranean Bistro,562,8.0,663.9521088808847,2.0,1118 King St,38.811456,-77.050276,4.0,13
Lena's Wood-Fired Pizza & Tap,1377,8.0,540.8542074233129,2.0,401 E Braddock Rd,38.811456,-77.050276,4.0,13
Yunnan By Potomac Noodle House,503,9.0,833.6620882058398,2.0,814 N Fairfax St,38.811456,-77.050276,4.0,13
Hank's Oyster Bar - Old Town,1457,8.0,603.627937480338,2.0,818 N St Asaph St,38.811456,-77.050276,4.0,13
Alice Comfort Cocktail,5,10.0,739.7699793766153,,724 King St,38.811456,-77.050276,4.0,13
The People's Drug,325,8.0,650.6905705405784,2.0,103 N Alfred St,38.811456,-77.050276,4.0,13
Virtue Feed & Grain,2495,8.0,1229.1797152564827,2.0,106 S Union St,38.811456,-77.050276,4.0,13
Zento Japanese Restaurant,692,8.0,430.8152267674652,2.0,693 N Washington St,38.811456,-77.050276,4.0,13
Augie's Mussel House & Beer Garden,364,8.0,675.1648901151864,2.0,1106 King St,38.811456,-77.050276,4.0,13
Sisters Thai - Old Town Alexandria,371,8.0,708.2055040306815,2.0,503 Montgomery St,38.811456,-77.050276,4.0,13
IndoChen - Old Town,38,9.0,828.0652101788797,,1615 King St,38.811456,-77.050276,4.0,13
Lost Dog Cafe Alexandria,420,8.0,291.9061943221767,2.0,808 N Henry St,38.811456,-77.050276,4.0,13
Railbird Kitchen,11,10.0,271.73117607109606,,804 N Henry St,38.811456,-77.050276,4.0,13
Bastille Brasserie and Bar,391,8.0,92.45759950670814,3.0,606 N Fayette St,38.811456,-77.050276,4.0,13
Thompson Italian,48,8.0,681.1088901036919,,1024 King St,38.811456,-77.050276,4.0,13
The Majestic,736,9.0,293.50608628046706,2.0,911 King St,38.805648,-77.05293,13.0,14
Old House Cosmopolitan Grill,199,9.0,192.5202893817178,2.0,1024 Cameron St,38.805648,-77.05293,13.0,14
Vaso's Mediterranean Bistro,562,8.0,64.27377602496885,2.0,1118 King St,38.805648,-77.05293,13.0,14
Hen Quarter,1478,8.0,409.7906562256951,2.0,801 King St,38.805648,-77.05293,13.0,14
Augie's Mussel House & Beer Garden,364,8.0,96.04002070378966,2.0,1106 King St,38.805648,-77.05293,13.0,14
Joe Theismann's Restaurant,928,8.0,600.9518971505971,2.0,1800A Diagonal Rd,38.805648,-77.05293,13.0,14
IndoChen - Old Town,38,9.0,399.2782689548558,,1615 King St,38.805648,-77.05293,13.0,14
Alice Comfort Cocktail,5,10.0,441.6145725966993,,724 King St,38.805648,-77.05293,13.0,14
The Executive Diner,507,8.0,356.41729142582085,2.0,1400 Duke St,38.805648,-77.05293,13.0,14
The People's Drug,325,8.0,341.3527249885549,2.0,103 N Alfred St,38.805648,-77.05293,13.0,14
Vermilion,914,8.0,58.922330167199966,3.0,1120 King St,38.805648,-77.05293,13.0,14
Andy's Pizza - Old Town,125,8.0,79.84752345342939,,107 N Fayette St,38.805648,-77.05293,13.0,14
Thompson Italian,48,8.0,154.03538902340168,,1024 King St,38.805648,-77.05293,13.0,14
Don Taco,1318,8.0,388.57259134544995,2.0,808 King St,38.805648,-77.05293,13.0,14
Nasime Japanese Restaurant,239,9.0,32.38875569958764,3.0,1209 King St,38.805648,-77.05293,13.0,14
Josephine Restaurant,70,8.0,596.3768123579911,,109 S St Asaph St,38.805648,-77.05293,13.0,14
La Fromagerie,213,8.0,43.23908003846366,2.0,1222 King St,38.805648,-77.05293,13.0,14
The Tasting Room,399,8.0,344.300499365727,2.0,1602 King St,38.805648,-77.05293,13.0,14
Old Hat Bar,33,10.0,617.7929230325451,,112 N Saint Asaph St,38.805648,-77.05293,13.0,14
Thai Signature,233,9.0,447.13606091741264,2.0,722 King St,38.805648,-77.05293,13.0,14
Matt and Tony's All Day Kitchen Bar,543,9.0,694.8800376041446,2.0,1501 Mt Vernon Ave,38.814577,-77.052808,2.0,15
Lena's Wood-Fired Pizza & Tap,1377,8.0,304.9209610453278,2.0,401 E Braddock Rd,38.814577,-77.052808,2.0,15
The Majestic,736,9.0,1032.006279085096,2.0,911 King St,38.814577,-77.052808,2.0,15
Old House Cosmopolitan Grill,199,9.0,906.7227408461383,2.0,1024 Cameron St,38.814577,-77.052808,2.0,15
Lost Dog Cafe Alexandria,420,8.0,274.7943032200009,2.0,808 N Henry St,38.814577,-77.052808,2.0,15
Railbird Kitchen,11,10.0,265.7188303831981,,804 N Henry St,38.814577,-77.052808,2.0,15
Dos Amigos,315,8.0,243.06127215452148,2.0,535 E Braddock Rd,38.814577,-77.052808,2.0,15
Hank's Oyster Bar - Old Town,1457,8.0,764.6103784220594,2.0,818 N St Asaph St,38.814577,-77.052808,2.0,15
Chop Shop Taco,219,8.0,345.46307156922967,2.0,1008 Madison St,38.814577,-77.052808,2.0,15
Mason Social,458,7.0,275.3700616593024,2.0,728 N Henry St,38.814577,-77.052808,2.0,15
Vaso's Mediterranean Bistro,562,8.0,991.4191423588821,2.0,1118 King St,38.814577,-77.052808,2.0,15
Bastille Brasserie and Bar,391,8.0,355.5905347068233,3.0,606 N Fayette St,38.814577,-77.052808,2.0,15
IndoChen - Old Town,38,9.0,982.7417846966298,,1615 King St,38.814577,-77.052808,2.0,15
Elaine’s,58,8.0,1335.29198246485,,208 Queen St,38.814577,-77.052808,2.0,15
Oak Steakhouse,248,8.0,801.4566719437394,,901 N Saint Asaph St,38.814577,-77.052808,2.0,15
Joe Theismann's Restaurant,928,8.0,1139.7514770795372,2.0,1800A Diagonal Rd,38.814577,-77.052808,2.0,15
WOOBOI HOT CHICKEN,248,9.0,817.602602659649,2.0,531 Montgomery St,38.814577,-77.052808,2.0,15
Vaso's Kitchen,280,8.0,657.2787548415411,2.0,1225 Powhatan St,38.814577,-77.052808,2.0,15
Hinata Sushi Bar & Grill,113,9.0,796.0048707056819,,909 N Saint Asaph St,38.814577,-77.052808,2.0,15
Old Hat Bar,33,10.0,1174.1038634903223,,112 N Saint Asaph St,38.814577,-77.052808,2.0,15
Vola's Dockside Grill & Hi-Tide Lounge,2410,9.0,286.45636505067444,2.0,101 N Union St,38.804718,-77.043363,6.0,16
The Majestic,736,9.0,545.4598068169873,2.0,911 King St,38.804718,-77.043363,6.0,16
Virtue Feed & Grain,2495,8.0,304.316489593106,2.0,106 S Union St,38.804718,-77.043363,6.0,16
Ada’s on the River,541,8.0,490.9444903381803,,3 Pioneer Mill Way,38.804718,-77.043363,6.0,16
The Warehouse,840,8.0,118.52881319328783,2.0,214 King St,38.804718,-77.043363,6.0,16
Mia's Italian Kitchen,1045,8.0,257.5919639358657,2.0,100 King St,38.804718,-77.043363,6.0,16
Chadwicks,847,8.0,369.00610608364286,2.0,203 Strand St,38.804718,-77.043363,6.0,16
Hen Quarter,1478,8.0,427.7686247343303,2.0,801 King St,38.804718,-77.043363,6.0,16
BARCA Pier & Wine Bar,416,8.0,514.7466110249482,,2 Pioneer Mill Way,38.804718,-77.043363,6.0,16
Elaine’s,58,8.0,266.98491938245826,,208 Queen St,38.804718,-77.043363,6.0,16
Josephine Restaurant,70,8.0,248.5844675112009,,109 S St Asaph St,38.804718,-77.043363,6.0,16
Alice Comfort Cocktail,5,10.0,394.0439244655429,,724 King St,38.804718,-77.043363,6.0,16
IL Porto Ristorante,587,8.0,175.7961317569514,2.0,121 King St,38.804718,-77.043363,6.0,16
1799 Prime Steak & Seafood,250,8.0,113.11424398729783,3.0,110 S Pitt St,38.804718,-77.043363,6.0,16
Caphe Banh Mi,1188,8.0,142.3318597740703,2.0,407 Cameron St,38.804718,-77.043363,6.0,16
Old House Cosmopolitan Grill,199,9.0,694.3647732638678,2.0,1024 Cameron St,38.804718,-77.043363,6.0,16
Urbano 116,600,8.0,224.37702285942106,2.0,116 King St,38.804718,-77.043363,6.0,16
Fontaine,851,8.0,85.97593701894742,2.0,119 S Royal St,38.804718,-77.043363,6.0,16
Old Hat Bar,33,10.0,230.19627604362813,,112 N Saint Asaph St,38.804718,-77.043363,6.0,16
Kismet Modern Indian,81,9.0,99.05872126845007,,111 N Pitt St,38.804718,-77.043363,6.0,16
The Majestic,736,9.0,47.459963524367765,2.0,911 King St,38.805317,-77.049883,15.0,17
Vola's Dockside Grill & Hi-Tide Lounge,2410,9.0,855.2492240003766,2.0,101 N Union St,38.805317,-77.049883,15.0,17
Old House Cosmopolitan Grill,199,9.0,168.42973130412008,2.0,1024 Cameron St,38.805317,-77.049883,15.0,17
Hen Quarter,1478,8.0,146.09264262173744,2.0,801 King St,38.805317,-77.049883,15.0,17
Vaso's Mediterranean Bistro,562,8.0,203.72365863167516,2.0,1118 King St,38.805317,-77.049883,15.0,17
Alice Comfort Cocktail,5,10.0,175.0548952702791,,724 King St,38.805317,-77.049883,15.0,17
The People's Drug,325,8.0,87.74447987900379,2.0,103 N Alfred St,38.805317,-77.049883,15.0,17
Don Taco,1318,8.0,122.16355494006038,2.0,808 King St,38.805317,-77.049883,15.0,17
Ada’s on the River,541,8.0,979.5504533582947,,3 Pioneer Mill Way,38.805317,-77.049883,15.0,17
Augie's Mussel House & Beer Garden,364,8.0,170.58890125841063,2.0,1106 King St,38.805317,-77.049883,15.0,17
Josephine Restaurant,70,8.0,331.4201146995352,,109 S St Asaph St,38.805317,-77.049883,15.0,17
Virtue Feed & Grain,2495,8.0,867.9501710898593,2.0,106 S Union St,38.805317,-77.049883,15.0,17
Thompson Italian,48,8.0,113.2458975395424,,1024 King St,38.805317,-77.049883,15.0,17
Taverna Cretekou,666,8.0,94.06885648599577,2.0,818 King St,38.805317,-77.049883,15.0,17
Vermilion,914,8.0,209.01067184957594,3.0,1120 King St,38.805317,-77.049883,15.0,17
The Warehouse,840,8.0,682.0989679199482,2.0,214 King St,38.805317,-77.049883,15.0,17
Thai Signature,233,9.0,180.67393457768998,2.0,722 King St,38.805317,-77.049883,15.0,17
Mia's Italian Kitchen,1045,8.0,824.8784216479188,2.0,100 King St,38.805317,-77.049883,15.0,17
Old Hat Bar,33,10.0,354.50764968153607,,112 N Saint Asaph St,38.805317,-77.049883,15.0,17
Andy's Pizza - Old Town,125,8.0,214.93751249872153,,107 N Fayette St,38.805317,-77.049883,15.0,17
The Hunter's Hound,54,8.0,123.23931949769664,2.0,5471 Wisconsin Ave,38.961763,-77.085998,7.0,18
Opal,69,9.0,942.3011402964738,,5534 Connecticut Ave NW,38.961763,-77.085998,7.0,18
"Junction Bistro, Bar & Bakery",36,8.0,125.0880446050964,,5471 Wisconsin Ave,38.961763,-77.085998,7.0,18
Joy by Seven Reasons,56,7.0,123.23931949769664,,5471 Wisconsin Ave,38.961763,-77.085998,7.0,18
LIA'S,435,7.0,114.08437293910323,2.0,4435 Willard Ave,38.961763,-77.085998,7.0,18
Trattoria 5520,1,10.0,342.56621266609085,,5520 Wisconsin Ave,38.961763,-77.085998,7.0,18
Clyde's of Chevy Chase,552,6.0,69.2860904387055,2.0,5441 Wisconsin Ave,38.961763,-77.085998,7.0,18
The Capital Grille,391,8.0,179.01023874046078,3.0,5310 Western Ave,38.961763,-77.085998,7.0,18
Tartufo,134,9.0,928.0300204296191,2.0,4910 Wisconsin Ave NW,38.961763,-77.085998,7.0,18
Meiwah,324,7.0,193.20708517797578,2.0,4457 Willard Ave,38.961763,-77.085998,7.0,18
Roti,20,8.0,203.98025770340715,,4461 Willard Ave,38.961763,-77.085998,7.0,18
Maggiano's Little Italy,629,7.0,246.65932855901224,2.0,5333 Wisconsin Ave NW,38.961763,-77.085998,7.0,18
Little Beast Cafe & Bistro,158,8.0,932.6586411183122,2.0,5600 Connecticut Ave NW,38.961763,-77.085998,7.0,18
Sushiko Chevy Chase,423,7.0,109.16030572646712,2.0,5455 Wisconsin Ave,38.961763,-77.085998,7.0,18
Booeymonger,247,7.0,344.7365543554016,1.0,5252 Wisconsin Ave NW,38.961763,-77.085998,7.0,18
Potomac Pizza,186,6.0,66.28990220264266,1.0,19 Wisconsin Cir,38.961763,-77.085998,7.0,18
Matisse,85,8.0,871.360836783456,3.0,4934 Wisconsin Ave NW,38.961763,-77.085998,7.0,18
Alfio's La Trattoria,92,7.0,360.4358877469272,2.0,4515 Willard Ave,38.961763,-77.085998,7.0,18
The Cheesecake Factory,555,6.0,199.89122133034655,2.0,5335 Wisconsin Ave NW,38.961763,-77.085998,7.0,18
Capital Crab,40,8.0,942.2159686785144,,5534 Connecticut Ave NW,38.961763,-77.085998,7.0,18
Poyoteca,109,9.0,542.5459884134503,,14921 Shady Grove Rd,39.099376,-77.188014,5.0,19
Grill Kabob,62,9.0,1361.9065694873962,2.0,1409 Research Blvd,39.099376,-77.188014,5.0,19
New York Deli,7,8.0,488.4412891434039,1.0,9601 Blackwell Rd,39.099376,-77.188014,5.0,19
Mamma Lucia,381,7.0,550.8358739337498,2.0,14921 Shady Grove Rd,39.099376,-77.188014,5.0,19
Tasty Nook Cafe,46,9.0,1296.7714867916793,,1405 Research Blvd,39.099376,-77.188014,5.0,19
Taipei Tokyo,255,6.0,523.6227381071726,2.0,14921 Shady Grove Rd,39.099376,-77.188014,5.0,19
St. Veg,322,9.0,444.731099923601,2.0,14929 Shady Grove Rd,39.099376,-77.188014,5.0,19
Moby Dick House of Kabob,258,6.0,419.97059043564343,2.0,14929-A Shady Grove Rd,39.099376,-77.188014,5.0,19
Wingstop,179,7.0,504.82229915167966,1.0,14925 Shady Grove Rd,39.099376,-77.188014,5.0,19
That's Amore,236,6.0,686.9332880660762,2.0,15201 Shady Grove Rd,39.099376,-77.188014,5.0,19
Passion Bakery Cafe,23,8.0,834.2915056125009,,9613 Medical Center Dr,39.099376,-77.188014,5.0,19
Young's Deli,6,9.0,859.3894540026766,2.0,9715 Medical Ctr Dr,39.099376,-77.188014,5.0,19
Sandwiches & Such,10,10.0,787.7365771723744,,15215 Shady Grove Rd,39.099376,-77.188014,5.0,19
LJ's Cafe,39,9.0,834.0726880167176,1.0,9210 Corporate Blvd,39.099376,-77.188014,5.0,19
Jersey Mike's Subs,30,6.0,389.22907266124633,,14933-L Shady Grove Rd,39.099376,-77.188014,5.0,19
Captain Mori’s Seafood,5,6.0,675.8120363348858,,15201 Shady Grove Rd,39.099376,-77.188014,5.0,19
Research Cafe,17,8.0,685.0487728800317,2.0,1901 Research Blvd,39.099376,-77.188014,5.0,19
Chick-fil-A,180,4.0,1282.3958067841133,1.0,1401 Research Blvd,39.099376,-77.188014,5.0,19
Bento Sushi,0,0.0,391.2741626793476,,14939 Shady Grove Rd,39.099376,-77.188014,5.0,19
Nirvana Bistro & Lounge,4,4.0,899.010262106095,,3 Research Ct,39.099376,-77.188014,5.0,19
Gyuzo Japanese BBQ,871,9.0,313.87868775934646,,33 Maryland Ave,39.083673,-77.149162,5.0,20
Nosh Grill House,51,9.0,375.96154078253176,,12 N Washington St,39.083673,-77.149162,5.0,20
El Mercat Bar De Tapas,127,9.0,291.3099742172225,,101 Gibbs St,39.083673,-77.149162,5.0,20
Bob's Shanghai 66,1489,8.0,683.1375821582111,2.0,305 N Washington St,39.083673,-77.149162,5.0,20
Mala Canteen,41,8.0,313.8786877586485,,33 Maryland Ave,39.083673,-77.149162,5.0,20
Kumbia Restaurant,50,8.0,314.3570801718377,,100 Gibbs St,39.083673,-77.149162,5.0,20
Finnegan's Wake,216,8.0,328.11282846863173,2.0,100 Gibbs St,39.083673,-77.149162,5.0,20
Eerkin's Uyghur Cuisine,137,8.0,374.2773346815415,2.0,6 N Washington St,39.083673,-77.149162,5.0,20
Thai Chef - Rockville,216,8.0,344.82820137965456,2.0,29 Maryland Ave,39.083673,-77.149162,5.0,20
Kiin Imm Thai Restaurant - Rockville,918,9.0,1007.8078428698495,2.0,785 D Rockville Pike,39.083673,-77.149162,5.0,20
Hot Pot City,202,8.0,136.11540009691078,2.0,199 E Montgomery Ave,39.083673,-77.149162,5.0,20
Kabuto,265,8.0,197.07802120294932,2.0,220 E Middle Ln,39.083673,-77.149162,5.0,20
YU Noodles Café,295,8.0,723.6219347347837,2.0,9 Dawson Ave,39.083673,-77.149162,5.0,20
Amai Crêpe,211,9.0,75.0377891904251,1.0,199 E Montgomery Ave,39.083673,-77.149162,5.0,20
World of Beer,262,7.0,122.61938413508638,2.0,196 E Montgomery Ave,39.083673,-77.149162,5.0,20
Domoishi,51,7.0,194.26059478248493,,201 E Middle Ln,39.083673,-77.149162,5.0,20
Giuseppi’s Pizza Plus,292,7.0,42.315915468591896,1.0,199 E Montgomery Ave,39.083673,-77.149162,5.0,20
Al Carbon,214,8.0,336.82150611358026,1.0,200 Park Rd,39.083673,-77.149162,5.0,20
East Dumpling House,528,7.0,368.0853408716065,2.0,12 N Washington St,39.083673,-77.149162,5.0,20
Oc & Crab Seafood Restaurant,27,8.0,937.2854804208473,,765 Rockville Pike,39.083673,-77.149162,5.0,20
Feasty crab,110,8.0,1207.0847067425468,,16811 Crabbs Branch Way,39.123513,-77.15741,6.0,21
Barra Brava Cevicheria Urbana,64,8.0,1124.1247848673538,,15921 N Frederick Rd,39.123513,-77.15741,6.0,21
China Jade,149,7.0,1185.4710421086104,2.0,16805 Crabbs Branch Way,39.123513,-77.15741,6.0,21
Juanita's Restaurant,37,6.0,969.4974870010905,1.0,15883 Redland Rd,39.123513,-77.15741,6.0,21
Cocina El Jefe,1,10.0,696.2870066904663,,16501 Redland Rd,39.123513,-77.15741,6.0,21
Charlie's Pizza & Subs,41,8.0,1065.4875950237554,1.0,15855 Redland Rd,39.123513,-77.15741,6.0,21
Charlie's Pizza & Subs,2,10.0,1065.4875950230482,,15855 Redland Rd,39.123513,-77.15741,6.0,21
McDonald's,55,5.0,1128.3874842205762,1.0,15801 Frederick Rd,39.123513,-77.15741,6.0,21
McDonald's,20,5.0,1110.1864875518233,1.0,16701 Crabbs Branch Way,39.123513,-77.15741,6.0,21
"Metro Beer, Wine, & Deli",8,8.0,1124.1247848673538,2.0,15921 Frederick Rd,39.123513,-77.15741,6.0,21
Wendy's,45,4.0,1124.6128410720682,1.0,15807 Frederick Road,39.123513,-77.15741,6.0,21
Subway,11,4.0,1220.8535771906052,1.0,16817 Crabbs Branch Hwy,39.123513,-77.15741,6.0,21
Arnold's Delicatessen,0,0.0,1070.2138464448747,,15855 Redland Rd,39.123513,-77.15741,6.0,21
Busboys and Poets - Hyattsville,1704,8.0,57.044491086576365,2.0,5331 Baltimore Ave,38.95548,-76.940133,12.0,22
Taqueria Los Perez,116,9.0,390.65022610010413,2.0,5803 Baltimore Ave,38.95548,-76.940133,12.0,22
2Fifty Texas BBQ,359,9.0,856.894881246192,2.0,4700 Riverdale Rd,38.95548,-76.940133,12.0,22
Chez Dior,181,9.0,368.31706106734174,2.0,5124 Baltimore Ave,38.95548,-76.940133,12.0,22
Suga & Spice,127,7.0,71.77688266138502,,5557 Baltimore Ave,38.95548,-76.940133,12.0,22
Riviera Tapas Bar,131,9.0,922.1880484547419,2.0,6202 Rhode Island Ave,38.95548,-76.940133,12.0,22
Spice 6 Modern Indian,598,8.0,28.01713223432355,2.0,5501 Baltimore Ave,38.95548,-76.940133,12.0,22
Teriyaki Kaizen,41,8.0,21.241861166327165,,5501 Baltimore Ave,38.95548,-76.940133,12.0,22
Tara Thai,229,6.0,28.01713223432355,2.0,5501 Baltimore Ave,38.95548,-76.940133,12.0,22
Maria's Kitchen,1,10.0,731.4246446342547,,4824 Rhode Island Ave,38.95548,-76.940133,12.0,22
Shagga Coffee & Restaurant,414,9.0,650.6945125070699,2.0,6040 Baltimore Ave,38.95548,-76.940133,12.0,22
Pizzeria Paradiso Hyattsville,111,8.0,835.6355240887758,2.0,4800 Rhode Island Ave,38.95548,-76.940133,12.0,22
Elevation Burger,194,7.0,17.637658835134783,2.0,5501 Baltimore Ave,38.95548,-76.940133,12.0,22
Gangster Vegan Organics,77,9.0,906.1787173173689,2.0,6202 Rhode Island Ave,38.95548,-76.940133,12.0,22
Federalist Pig,40,9.0,33.536371112265556,,5504 Baltimore Ave,38.95548,-76.940133,12.0,22
Carbon y Leña,35,8.0,627.5935227956096,,6033 Baltimore Ave,38.95548,-76.940133,12.0,22
Goshen,2,10.0,363.6911037924665,,5105 Baltimore Ave,38.95548,-76.940133,12.0,22
La Fondita,80,8.0,726.7428155571988,1.0,4901 Decatur St,38.95548,-76.940133,12.0,22
Between the Bread Cafe,2,10.0,363.6911037924665,,5105 Baltimore Ave,38.95548,-76.940133,12.0,22
Prime Restaurant,23,6.0,362.11042977496834,,5126 Baltimore Ave,38.95548,-76.940133,12.0,22
Pennyroyal Station,185,9.0,133.36371143008185,2.0,3310 Rhode Island Ave,38.936213,-76.960054,8.0,23
Dodah’s Kitchen,86,9.0,78.61056193006583,2.0,3801 34th St,38.936213,-76.960054,8.0,23
miXt Food Hall,22,9.0,523.6724716434126,2.0,3809 Rhode Island Ave,38.936213,-76.960054,8.0,23
La Michoacana,17,10.0,525.6175295347598,,3809 Rhode Island Ave,38.936213,-76.960054,8.0,23
Spice Kitchen West African Grill,108,9.0,523.6724716434126,2.0,3809 Rhode Island Ave,38.936213,-76.960054,8.0,23
Little Miner Taco,577,8.0,841.0924695234182,2.0,4308 Rhode Island Ave,38.936213,-76.960054,8.0,23
Roaming Rooster,631,9.0,750.8634867255679,2.0,3176 Bladensburg Rd NE,38.936213,-76.960054,8.0,23
J & J Mex-Taqueria,4,9.0,194.4305423271227,,3237 Rhode Island Ave,38.936213,-76.960054,8.0,23
Medina Kitchen,2,10.0,200.0758534679841,,3233 Rhode Island Ave,38.936213,-76.960054,8.0,23
Medi Market and Kitchen,5,10.0,197.03377875309863,,3233 Rhode Island Ave,38.936213,-76.960054,8.0,23
Francis Restaurant & Carry Out,4,10.0,215.3715044012275,,3856 34th St,38.936213,-76.960054,8.0,23
Eden’s Kitchen,22,10.0,979.9068490650573,,2910 Bladensburg Rd NE,38.936213,-76.960054,8.0,23
HK Fish House,5,8.0,524.0411361478887,,3809 Rhode Island Ave,38.936213,-76.960054,8.0,23
Aladdin Sizzler,142,7.0,204.3364511542805,1.0,3231 Rhode Island Ave,38.936213,-76.960054,8.0,23
Potomac Fish House & Deli,35,7.0,226.01336132450962,2.0,3221 Rhode Island Ave,38.936213,-76.960054,8.0,23
The Waterhole,79,9.0,252.84546737257094,1.0,4004 34th St,38.936213,-76.960054,8.0,23
DC Charbroiled Chicken & Grill,26,7.0,852.8815780448512,,3751 Bladensburg Rd,38.936213,-76.960054,8.0,23
Mush,20,10.0,523.6724716434126,,3809 Rhode Island Ave,38.936213,-76.960054,8.0,23
Savor at Studio 3807,24,8.0,498.03613102813375,2.0,3807 Rhode Island Ave,38.936213,-76.960054,8.0,23
LuvPlates Soul & Grill,29,9.0,518.7285599753474,2.0,3807 Rhode Island Ave,38.936213,-76.960054,8.0,23
Circa at The Boro,60,9.0,241.22442416382103,,1675 Silver Hill Dr,38.92245,-77.23034,1.0,24
El Bebe,60,8.0,250.92716963922945,2.0,8354 Broad St,38.92245,-77.23034,1.0,24
Kusshi Ko,167,9.0,523.2985926801696,,8365 Leesburg Pike,38.92245,-77.23034,1.0,24
North Italia - McLean,419,8.0,297.0259527672887,2.0,1651 Boro Pl,38.92245,-77.23034,1.0,24
Dave's Hot Chicken,11,8.0,609.3753728380165,2.0,8397 Leesburg Pike,38.92245,-77.23034,1.0,24
Roll Play Grill,1649,9.0,739.1843494658816,2.0,8150 Leesburg Pike,38.92245,-77.23034,1.0,24
Yard House,61,7.0,483.12292545379904,2.0,1660M Galleria At Tysons Ii,38.92245,-77.23034,1.0,24
Founding Farmers - Tysons,3342,7.0,633.7856290569933,2.0,1800 Tysons Blvd,38.92245,-77.23034,1.0,24
Cafe Ile,64,9.0,126.51613862701036,,8270 Greensboro Dr,38.92245,-77.23034,1.0,24
Hokkaido Ramen Santouka - Tysons Corner,369,8.0,374.9951921563214,2.0,1636 Boro Pl,38.92245,-77.23034,1.0,24
Jiwa Singapura,151,7.0,459.6583217499428,,2001 International Dr,38.92245,-77.23034,1.0,24
Ingle Korean Steakhouse,71,8.0,473.82955664921803,,8369 Leesburg Pike,38.92245,-77.23034,1.0,24
Flower Child - McLean,176,9.0,310.99817673002906,2.0,1656 Boro Pl,38.92245,-77.23034,1.0,24
Fish Taco,151,9.0,359.53149089008946,2.0,1644 Boro Pl,38.92245,-77.23034,1.0,24
Capital Musubi,98,8.0,419.59288066333886,,7933L Tysons Corner,38.92245,-77.23034,1.0,24
Tasty Kabob,118,9.0,409.3223259223321,,1624 Boro Pl,38.92245,-77.23034,1.0,24
East  West  - Tysons,20,8.0,280.96125556187025,,1992 Chain Bridge Rd,38.92245,-77.23034,1.0,24
Earls Kitchen + Bar,1598,8.0,886.558967641035,2.0,7902 Tysons One Pl,38.92245,-77.23034,1.0,24
Capo Deli Tysons ,64,9.0,445.0321354153871,,8359 Leesburg Pike,38.92245,-77.23034,1.0,24
Super Chicken,566,8.0,458.10036489553823,2.0,8357 Leesburg Pike,38.92245,-77.23034,1.0,24
Jasper's,617,6.0,437.0008252831969,2.0,9640 Lottsford Ct,38.908391,-76.843263,3.0,25
Rock & Toss Crab House,39,8.0,1114.3411280591786,,908 Largo Center Dr,38.908391,-76.843263,3.0,25
Carolina Kitchen,465,6.0,875.685164312285,2.0,800 C Shoppers Way,38.908391,-76.843263,3.0,25
LongHorn Steakhouse,206,5.0,488.1727576818375,2.0,1100 Capital Centre Blvd,38.908391,-76.843263,3.0,25
Ninety Bistro and Bar,5,5.0,940.326423827911,,9100 Basil Ct,38.908391,-76.843263,3.0,25
TGI Fridays,297,3.0,487.30463968495684,2.0,1101 Shoppers Way,38.908391,-76.843263,3.0,25
Outback Steakhouse,312,4.0,499.3938250165802,2.0,9660 Lottsford Ct,38.908391,-76.843263,3.0,25
Ruby Tuesday,148,3.0,567.752747637265,2.0,9680 Lottsford Ct,38.908391,-76.843263,3.0,25
Golden Bowl,42,7.0,1045.0604808167184,1.0,832 Largo Center Dr,38.908391,-76.843263,3.0,25
Golden Corral Buffet & Grill,122,5.0,616.4478838161951,2.0,1001 Shoppers Way,38.908391,-76.843263,3.0,25
Chick-fil-A,186,5.0,606.6170098928417,1.0,1040 Shoppers Way,38.908391,-76.843263,3.0,25
Applebee's Grill + Bar,134,4.0,994.6193525503775,2.0,1000 Largo Center Dr,38.908391,-76.843263,3.0,25
Chick-fil-A,7,4.0,933.768321143685,,2027 Saint Josephs Dr,38.908391,-76.843263,3.0,25
America's Best Wings,69,6.0,1121.6107590437362,1.0,966 Largo Center Dr,38.908391,-76.843263,3.0,25
Manna Corporate Deli,6,6.0,450.9562561323538,2.0,1400 Mercantile Ln,38.908391,-76.843263,3.0,25
Bojangles,78,4.0,891.3317214971798,1.0,1050 Largo Center Dr,38.908391,-76.843263,3.0,25
Taco Bell,47,4.0,955.6715161772688,1.0,1006 Largo Center Dr,38.908391,-76.843263,3.0,25
McDonald's,33,4.0,899.1389938448791,1.0,1030 Largo Center Dr,38.908391,-76.843263,3.0,25
Chuck E. Cheese,36,5.0,555.8300421366786,2.0,1100 Shoppers Way,38.908391,-76.843263,3.0,25
Solomon's Porch Diner,1,2.0,1035.544157866255,,828 Largo Center Dr,38.908391,-76.843263,3.0,25
Burtons Grill & Bar,631,8.0,38.3780592409477,2.0,4440 Van Buren St,38.969581,-76.937349,3.0,26
Cafe Azul-Caracas de Ayer,14,9.0,97.13962909217892,,6740 45th St,38.969581,-76.937349,3.0,26
2Fifty Texas BBQ,359,9.0,865.6080445806574,2.0,4700 Riverdale Rd,38.969581,-76.937349,3.0,26
Le Fantome,42,7.0,119.14696473869027,2.0,4501 Woodberry St,38.969581,-76.937349,3.0,26
Vegan Junk Food DMV,9,8.0,117.67869965560395,,4501 Woodberry St,38.969581,-76.937349,3.0,26
Roots Natural Kitchen,10,10.0,988.8840336001703,,4420 Calvert Rd,38.969581,-76.937349,3.0,26
Hot Lola's,2,7.0,117.67869965560395,,4501 Woodberry St,38.969581,-76.937349,3.0,26
Riviera Tapas Bar,131,9.0,739.86545146403,2.0,6202 Rhode Island Ave,38.969581,-76.937349,3.0,26
Horu Sushi Kitchen,10,8.0,118.99635909054396,,4501 Woodberry St,38.969581,-76.937349,3.0,26
The Habit Burger Grill,96,8.0,108.96414339327495,1.0,4502 Van Buren St,38.969581,-76.937349,3.0,26
District Taco,121,7.0,69.505328576986,2.0,6710 45th St,38.969581,-76.937349,3.0,26
Gangster Vegan Organics,77,9.0,756.5654633273442,2.0,6202 Rhode Island Ave,38.969581,-76.937349,3.0,26
MOD Pizza,59,8.0,107.6284861152964,2.0,4401 Woodberry St,38.969581,-76.937349,3.0,26
Shagga Coffee & Restaurant,414,9.0,942.4730013353285,2.0,6040 Baltimore Ave,38.969581,-76.937349,3.0,26
Carbon y Leña,35,8.0,960.2982394351317,,6033 Baltimore Ave,38.969581,-76.937349,3.0,26
Jersey Mike's Subs,16,7.0,86.60759845914664,,6761 45th St,38.969581,-76.937349,3.0,26
Lesly's Grill,23,5.0,686.8090158797468,2.0,6225 Baltimore Ave,38.969581,-76.937349,3.0,26
Pupuseria El Comalito,95,6.0,895.693165263734,1.0,6100 Baltimore Ave,38.969581,-76.937349,3.0,26
Kikka Sushi,0,0.0,73.64514220882907,,6621-B Baltimore Ave,38.969581,-76.937349,3.0,26
Paisano's Pizza,70,6.0,915.6664472972961,1.0,7201-B Baltimore Ave,38.969581,-76.937349,3.0,26
Pisco y Nazca Reston,54,9.0,426.1170024711503,,1871 Explorer St,38.95534,-77.357611,3.0,27
Makers Union Pub for the People,291,9.0,335.3977421390461,2.0,1812 Library St,38.95534,-77.357611,3.0,27
Jackson's Mighty Fine Food and Lucky Lounge,1485,8.0,293.610323904303,2.0,11927 Democracy Dr,38.95534,-77.357611,3.0,27
Barcelona Reston,959,8.0,431.5998506254698,2.0,12023 Town Square St,38.95534,-77.357611,3.0,27
True Food Kitchen,162,9.0,260.72494090385936,2.0,11901 Democracy Dr,38.95534,-77.357611,3.0,27
North Italia- Reston,371,8.0,407.605036404611,2.0,11898 Market St,38.95534,-77.357611,3.0,27
Taste of Istanbul,84,9.0,502.1128910861475,2.0,1862 Explorer St,38.95534,-77.357611,3.0,27
Not Your Average Joe's,797,8.0,625.2020166642906,2.0,1845 Fountain Dr,38.95534,-77.357611,3.0,27
Little Beast,112,8.0,534.8534226527792,2.0,12100 Sunset Hills Rd,38.95534,-77.357611,3.0,27
PassionFish Reston,955,8.0,386.8664272090533,3.0,11960 Democracy Dr,38.95534,-77.357611,3.0,27
JINYA Ramen Bar - Reston,534,9.0,454.5715375933009,2.0,11964 Market St,38.95534,-77.357611,3.0,27
Tiki Thai,308,8.0,510.4053299331008,2.0,12100 Sunset Hills Rd,38.95534,-77.357611,3.0,27
bartaco - Reston,1915,8.0,424.4930560945526,2.0,12021 Town Sq St,38.95534,-77.357611,3.0,27
The Capital Burger,131,8.0,331.54868660824064,2.0,11853 Market St,38.95534,-77.357611,3.0,27
Cooper's Hawk Winery & Restaurant - Reston,666,8.0,689.7972634875722,2.0,12130 Sunset Hills Rd,38.95534,-77.357611,3.0,27
Fogo de Chão Brazilian Steakhouse,197,9.0,273.32701755845443,4.0,11915 Democracy Dr,38.95534,-77.357611,3.0,27
Mason's Famous Lobster Rolls - Reston,186,8.0,317.69187878040157,2.0,11939 Democracy Dr,38.95534,-77.357611,3.0,27
My Home Thai Bistro,325,9.0,726.1199288741275,2.0,11830 Sunrise Valley Dr,38.95534,-77.357611,3.0,27
Crafthouse,169,7.0,381.25490940595887,2.0,1888 Explorer St,38.95534,-77.357611,3.0,27
Ted's Bulletin,914,7.0,399.91333514276045,2.0,11948 Market St,38.95534,-77.357611,3.0,27
Pisco y Nazca Reston,54,9.0,172.7793805378087,,1871 Explorer St,38.959633,-77.358741,6.0,28
Makers Union Pub for the People,291,9.0,152.00110879689998,2.0,1812 Library St,38.959633,-77.358741,6.0,28
Barcelona Reston,959,8.0,255.29796116970527,2.0,12023 Town Square St,38.959633,-77.358741,6.0,28
Jackson's Mighty Fine Food and Lucky Lounge,1485,8.0,217.5516436574723,2.0,11927 Democracy Dr,38.959633,-77.358741,6.0,28
North Italia- Reston,371,8.0,211.68931801546753,2.0,11898 Market St,38.959633,-77.358741,6.0,28
Taste of Istanbul,84,9.0,166.69382928643404,2.0,1862 Explorer St,38.959633,-77.358741,6.0,28
Not Your Average Joe's,797,8.0,342.8377818757343,2.0,1845 Fountain Dr,38.959633,-77.358741,6.0,28
True Food Kitchen,162,9.0,253.02172060980425,2.0,11901 Democracy Dr,38.959633,-77.358741,6.0,28
JINYA Ramen Bar - Reston,534,9.0,142.73857787787745,2.0,11964 Market St,38.959633,-77.358741,6.0,28
PassionFish Reston,955,8.0,187.8918573913296,3.0,11960 Democracy Dr,38.959633,-77.358741,6.0,28
bartaco - Reston,1915,8.0,240.80935842720322,2.0,12021 Town Sq St,38.959633,-77.358741,6.0,28
Little Beast,112,8.0,691.0183283260992,2.0,12100 Sunset Hills Rd,38.959633,-77.358741,6.0,28
Ted's Bulletin,914,7.0,88.97498853410703,2.0,11948 Market St,38.959633,-77.358741,6.0,28
Mason's Famous Lobster Rolls - Reston,186,8.0,219.4559989007376,2.0,11939 Democracy Dr,38.959633,-77.358741,6.0,28
Tiki Thai,308,8.0,649.9672313294607,2.0,12100 Sunset Hills Rd,38.959633,-77.358741,6.0,28
The Capital Burger,131,8.0,283.9002551743793,2.0,11853 Market St,38.959633,-77.358741,6.0,28
Fogo de Chão Brazilian Steakhouse,197,9.0,214.2944668841884,4.0,11915 Democracy Dr,38.959633,-77.358741,6.0,28
Open Road Distilling,3,10.0,186.4062868053505,,1871 Fountain Dr,38.959633,-77.358741,6.0,28
Crafthouse,169,7.0,268.48185494366584,2.0,1888 Explorer St,38.959633,-77.358741,6.0,28
Cooper's Hawk Winery & Restaurant - Reston,666,8.0,820.1181113705337,2.0,12130 Sunset Hills Rd,38.959633,-77.358741,6.0,28
Eve's Garden Lounge & Bar,60,9.0,774.7405199438884,,11207 Reston Station Blvd,38.951443,-77.340377,4.0,29
Founding Farmers Reston Station,1114,7.0,334.3609168670571,3.0,1904 Reston Metro Plaza Dr,38.951443,-77.340377,4.0,29
Big Buns Damn Good Burgers,122,9.0,313.2839545262934,2.0,1908 Reston Metro Plz,38.951443,-77.340377,4.0,29
Pupatella,139,7.0,476.93148086337703,2.0,1821 Wiehle Ave,38.951443,-77.340377,4.0,29
Davio's Northern Italian Steakhouse,57,7.0,395.1698524660224,,1902 Reston Metro Plz,38.951443,-77.340377,4.0,29
Matchbox - Reston Station,66,7.0,409.3561768434691,2.0,1900 Reston Metro Plz,38.951443,-77.340377,4.0,29
Taco Zocalo,443,9.0,625.3020558979998,2.0,1810 Michael Faraday Dr,38.951443,-77.340377,4.0,29
Sweet Leaf,25,8.0,310.3178968657018,,1908 Reston Metro Plz,38.951443,-77.340377,4.0,29
Bonchon,44,8.0,732.8978034752231,,11652 Plaza America Dr,38.951443,-77.340377,4.0,29
SAAO Thai & Sushi,49,9.0,901.0273079918483,2.0,11730 Plaza America Dr,38.951443,-77.340377,4.0,29
Suzy Deli,39,9.0,500.7235898021376,1.0,11260 Roger Bacon Dr,38.951443,-77.340377,4.0,29
Grill Kabob Reston,89,7.0,790.4748796891587,2.0,11688 Plaza America Dr,38.951443,-77.340377,4.0,29
Bike Lane Brewing and Cafe,16,8.0,936.4237648075898,1.0,11150 Sunset Hills Rd,38.951443,-77.340377,4.0,29
Cosmos Cafe,13,9.0,630.6084826167238,1.0,1850 Centennial Park Dr,38.951443,-77.340377,4.0,29
On A Roll,12,8.0,1048.9988855994043,1.0,11111 Sunset Hills Rd,38.951443,-77.340377,4.0,29
MOD Pizza,169,7.0,702.351578385015,1.0,11642 Plaza America Dr,38.951443,-77.340377,4.0,29
Savage Burrito,22,6.0,466.8154925024009,,,38.951443,-77.340377,4.0,29
Zaina's Deli and Cafe,18,9.0,1194.3500386449878,1.0,11190 Sunrise Valley Dr,38.951443,-77.340377,4.0,29
Veloce Deli,0,0.0,809.9954112195753,,1900 Campus Commons Dr,38.951443,-77.340377,4.0,29
Deli On the Square,22,8.0,325.4433638714532,1.0,1930 Isaac Newton Sq W,38.951443,-77.340377,4.0,29
Pisco y Nazca Reston,54,9.0,611.6575395643736,,1871 Explorer St,38.960084,-77.353414,0.0,30
Makers Union Pub for the People,291,9.0,479.2424676440299,2.0,1812 Library St,38.960084,-77.353414,0.0,30
Not Your Average Joe's,797,8.0,144.63513013229198,2.0,1845 Fountain Dr,38.960084,-77.353414,0.0,30
North Italia- Reston,371,8.0,296.1947108190041,2.0,11898 Market St,38.960084,-77.353414,0.0,30
Barcelona Reston,959,8.0,691.1776088265682,2.0,12023 Town Square St,38.960084,-77.353414,0.0,30
Jackson's Mighty Fine Food and Lucky Lounge,1485,8.0,561.0442760938021,2.0,11927 Democracy Dr,38.960084,-77.353414,0.0,30
True Food Kitchen,162,9.0,427.6257107281584,2.0,11901 Democracy Dr,38.960084,-77.353414,0.0,30
Taste of Istanbul,84,9.0,628.152056285069,2.0,1862 Explorer St,38.960084,-77.353414,0.0,30
JINYA Ramen Bar - Reston,534,9.0,594.1005810882697,2.0,11964 Market St,38.960084,-77.353414,0.0,30
The Capital Burger,131,8.0,322.7949489934383,2.0,11853 Market St,38.960084,-77.353414,0.0,30
Little Beast,112,8.0,1070.3510702460885,2.0,12100 Sunset Hills Rd,38.960084,-77.353414,0.0,30
PassionFish Reston,955,8.0,606.143772656306,3.0,11960 Democracy Dr,38.960084,-77.353414,0.0,30
bartaco - Reston,1915,8.0,675.2616127859793,2.0,12021 Town Sq St,38.960084,-77.353414,0.0,30
Fogo de Chão Brazilian Steakhouse,197,9.0,483.1509183092439,4.0,11915 Democracy Dr,38.960084,-77.353414,0.0,30
Mason's Famous Lobster Rolls - Reston,186,8.0,590.4123994368074,2.0,11939 Democracy Dr,38.960084,-77.353414,0.0,30
Open Road Distilling,3,10.0,277.533585046341,,1871 Fountain Dr,38.960084,-77.353414,0.0,30
Tiki Thai,308,8.0,1033.0218871934076,2.0,12100 Sunset Hills Rd,38.960084,-77.353414,0.0,30
Ted's Bulletin,914,7.0,448.1345123887348,2.0,11948 Market St,38.960084,-77.353414,0.0,30
Crafthouse,169,7.0,681.9595992994883,2.0,1888 Explorer St,38.960084,-77.353414,0.0,30
Cava,124,7.0,304.2674819869151,2.0,1815 Fountain Dr,38.960084,-77.353414,0.0,30
Pisco y Nazca Reston,54,9.0,178.10368079066504,,1871 Explorer St,38.957037,-77.359718,8.0,31
Makers Union Pub for the People,291,9.0,176.80678814863634,2.0,1812 Library St,38.957037,-77.359718,8.0,31
Jackson's Mighty Fine Food and Lucky Lounge,1485,8.0,89.44358059757789,2.0,11927 Democracy Dr,38.957037,-77.359718,8.0,31
Barcelona Reston,959,8.0,169.3861463461077,2.0,12023 Town Square St,38.957037,-77.359718,8.0,31
Taste of Istanbul,84,9.0,253.71199440137934,2.0,1862 Explorer St,38.957037,-77.359718,8.0,31
True Food Kitchen,162,9.0,223.60890968933924,2.0,11901 Democracy Dr,38.957037,-77.359718,8.0,31
North Italia- Reston,371,8.0,348.0770157970705,2.0,11898 Market St,38.957037,-77.359718,8.0,31
PassionFish Reston,955,8.0,139.59070553780083,3.0,11960 Democracy Dr,38.957037,-77.359718,8.0,31
JINYA Ramen Bar - Reston,534,9.0,213.50833486791387,2.0,11964 Market St,38.957037,-77.359718,8.0,31
Little Beast,112,8.0,429.07982472017744,2.0,12100 Sunset Hills Rd,38.957037,-77.359718,8.0,31
Not Your Average Joe's,797,8.0,568.7520107916868,2.0,1845 Fountain Dr,38.957037,-77.359718,8.0,31
Tiki Thai,308,8.0,391.288143864192,2.0,12100 Sunset Hills Rd,38.957037,-77.359718,8.0,31
bartaco - Reston,1915,8.0,163.01938871982017,2.0,12021 Town Sq St,38.957037,-77.359718,8.0,31
Mason's Famous Lobster Rolls - Reston,186,8.0,82.03229672182849,2.0,11939 Democracy Dr,38.957037,-77.359718,8.0,31
Fogo de Chão Brazilian Steakhouse,197,9.0,158.69510628073053,4.0,11915 Democracy Dr,38.957037,-77.359718,8.0,31
Crafthouse,169,7.0,119.04664563855283,2.0,1888 Explorer St,38.957037,-77.359718,8.0,31
Cooper's Hawk Winery & Restaurant - Reston,666,8.0,576.6014406103614,2.0,12130 Sunset Hills Rd,38.957037,-77.359718,8.0,31
The Capital Burger,131,8.0,331.88563604226965,2.0,11853 Market St,38.957037,-77.359718,8.0,31
Mon Ami Gabi,882,7.0,117.67888164442824,3.0,11950 Democracy Dr,38.957037,-77.359718,8.0,31
My Home Thai Bistro,325,9.0,959.6866593745884,2.0,11830 Sunrise Valley Dr,38.957037,-77.359718,8.0,31
Pisco y Nazca Reston,54,9.0,402.83270910569627,,1871 Explorer St,38.960574,-77.356324,11.0,32
Makers Union Pub for the People,291,9.0,314.0129243649134,2.0,1812 Library St,38.960574,-77.356324,11.0,32
Not Your Average Joe's,797,8.0,117.55485563778785,2.0,1845 Fountain Dr,38.960574,-77.356324,11.0,32
Barcelona Reston,959,8.0,485.9479579650399,2.0,12023 Town Square St,38.960574,-77.356324,11.0,32
North Italia- Reston,371,8.0,186.75164108051038,2.0,11898 Market St,38.960574,-77.356324,11.0,32
Jackson's Mighty Fine Food and Lucky Lounge,1485,8.0,401.3590663773327,2.0,11927 Democracy Dr,38.960574,-77.356324,11.0,32
Taste of Istanbul,84,9.0,398.80264295731234,2.0,1862 Explorer St,38.960574,-77.356324,11.0,32
True Food Kitchen,162,9.0,333.05837542203506,2.0,11901 Democracy Dr,38.960574,-77.356324,11.0,32
JINYA Ramen Bar - Reston,534,9.0,375.87276614056174,2.0,11964 Market St,38.960574,-77.356324,11.0,32
PassionFish Reston,955,8.0,409.9275141082068,3.0,11960 Democracy Dr,38.960574,-77.356324,11.0,32
Open Road Distilling,3,10.0,98.89512265828047,,1871 Fountain Dr,38.960574,-77.356324,11.0,32
The Capital Burger,131,8.0,276.8489282437178,2.0,11853 Market St,38.960574,-77.356324,11.0,32
Little Beast,112,8.0,908.834487565411,2.0,12100 Sunset Hills Rd,38.960574,-77.356324,11.0,32
bartaco - Reston,1915,8.0,470.7947546976994,2.0,12021 Town Sq St,38.960574,-77.356324,11.0,32
Fogo de Chão Brazilian Steakhouse,197,9.0,349.66436735804393,4.0,11915 Democracy Dr,38.960574,-77.356324,11.0,32
Mason's Famous Lobster Rolls - Reston,186,8.0,419.2023256993305,2.0,11939 Democracy Dr,38.960574,-77.356324,11.0,32
Ted's Bulletin,914,7.0,257.34056068256973,2.0,11948 Market St,38.960574,-77.356324,11.0,32
Tiki Thai,308,8.0,868.6191287393332,2.0,12100 Sunset Hills Rd,38.960574,-77.356324,11.0,32
Cooper's Hawk Winery & Restaurant - Reston,666,8.0,1045.0120001303146,2.0,12130 Sunset Hills Rd,38.960574,-77.356324,11.0,32
Cava,124,7.0,85.67453803702607,2.0,1815 Fountain Dr,38.960574,-77.356324,11.0,32
Pisco y Nazca Reston,54,9.0,837.820812633471,,1871 Explorer St,38.955079,-77.351649,5.0,33
Makers Union Pub for the People,291,9.0,687.7146581695835,2.0,1812 Library St,38.955079,-77.351649,5.0,33
Jackson's Mighty Fine Food and Lucky Lounge,1485,8.0,709.7430496639848,2.0,11927 Democracy Dr,38.955079,-77.351649,5.0,33
Not Your Average Joe's,797,8.0,674.7606761629044,2.0,1845 Fountain Dr,38.955079,-77.351649,5.0,33
Barcelona Reston,959,8.0,880.4533457036822,2.0,12023 Town Square St,38.955079,-77.351649,5.0,33
North Italia- Reston,371,8.0,595.8701373628733,2.0,11898 Market St,38.955079,-77.351649,5.0,33
True Food Kitchen,162,9.0,564.4372367975117,2.0,11901 Democracy Dr,38.955079,-77.351649,5.0,33
Taste of Istanbul,84,9.0,899.7344045275629,2.0,1862 Explorer St,38.955079,-77.351649,5.0,33
The Capital Burger,131,8.0,511.7421177549438,2.0,11853 Market St,38.955079,-77.351649,5.0,33
My Home Thai Bistro,325,9.0,768.2316984424326,2.0,11830 Sunrise Valley Dr,38.955079,-77.351649,5.0,33
JINYA Ramen Bar - Reston,534,9.0,848.7499639963717,2.0,11964 Market St,38.955079,-77.351649,5.0,33
SAAO Thai & Sushi,49,9.0,215.82354261259837,2.0,11730 Plaza America Dr,38.955079,-77.351649,5.0,33
PassionFish Reston,955,8.0,806.4421479054107,3.0,11960 Democracy Dr,38.955079,-77.351649,5.0,33
Fogo de Chão Brazilian Steakhouse,197,9.0,635.5861933408588,4.0,11915 Democracy Dr,38.955079,-77.351649,5.0,33
bartaco - Reston,1915,8.0,868.071648062976,2.0,12021 Town Sq St,38.955079,-77.351649,5.0,33
Super Chicken,81,8.0,778.940846255032,,11830 Sunrise Valley Dr,38.955079,-77.351649,5.0,33
Reston Kabob,364,8.0,808.0038022416239,2.0,11830 Sunrise Valley Dr,38.955079,-77.351649,5.0,33
Mason's Famous Lobster Rolls - Reston,186,8.0,746.0409408888606,2.0,11939 Democracy Dr,38.955079,-77.351649,5.0,33
Grill Kabob Reston,89,7.0,326.0557012557864,2.0,11688 Plaza America Dr,38.955079,-77.351649,5.0,33
Bonchon,44,8.0,465.25067615381374,,11652 Plaza America Dr,38.955079,-77.351649,5.0,33
Pisco y Nazca Reston,54,9.0,460.9216390661273,,1871 Explorer St,38.962524,-77.361902,10.0,34
Makers Union Pub for the People,291,9.0,557.8975569145109,2.0,1812 Library St,38.962524,-77.361902,10.0,34
Barcelona Reston,959,8.0,489.6161533752633,2.0,12023 Town Square St,38.962524,-77.361902,10.0,34
Taste of Istanbul,84,9.0,384.96987309059654,2.0,1862 Explorer St,38.962524,-77.361902,10.0,34
Jackson's Mighty Fine Food and Lucky Lounge,1485,8.0,587.3684307167273,2.0,11927 Democracy Dr,38.962524,-77.361902,10.0,34
Not Your Average Joe's,797,8.0,637.883264479831,2.0,1845 Fountain Dr,38.962524,-77.361902,10.0,34
North Italia- Reston,371,8.0,618.1308435547284,2.0,11898 Market St,38.962524,-77.361902,10.0,34
True Food Kitchen,162,9.0,672.5413665977687,2.0,11901 Democracy Dr,38.962524,-77.361902,10.0,34
JINYA Ramen Bar - Reston,534,9.0,428.093436220587,2.0,11964 Market St,38.962524,-77.361902,10.0,34
Little Beast,112,8.0,874.2789310967042,2.0,12100 Sunset Hills Rd,38.962524,-77.361902,10.0,34
PassionFish Reston,955,8.0,500.1504759779397,3.0,11960 Democracy Dr,38.962524,-77.361902,10.0,34
bartaco - Reston,1915,8.0,488.0144780368048,2.0,12021 Town Sq St,38.962524,-77.361902,10.0,34
The Capital Burger,131,8.0,701.8595417645487,2.0,11853 Market St,38.962524,-77.361902,10.0,34
Cantina D'italia,299,8.0,702.5437976025198,2.0,150 Elden St,38.962524,-77.361902,10.0,34
Cooper's Hawk Winery & Restaurant - Reston,666,8.0,948.7725801879877,2.0,12130 Sunset Hills Rd,38.962524,-77.361902,10.0,34
Tiki Thai,308,8.0,835.7203718750826,2.0,12100 Sunset Hills Rd,38.962524,-77.361902,10.0,34
Mason's Famous Lobster Rolls - Reston,186,8.0,566.8350488682145,2.0,11939 Democracy Dr,38.962524,-77.361902,10.0,34
Fogo de Chão Brazilian Steakhouse,197,9.0,621.3556838628679,4.0,11915 Democracy Dr,38.962524,-77.361902,10.0,34
Crafthouse,169,7.0,538.2144352152903,2.0,1888 Explorer St,38.962524,-77.361902,10.0,34
Ted's Bulletin,914,7.0,506.95857775677024,2.0,11948 Market St,38.962524,-77.361902,10.0,34
Yard House,61,7.0,968.9223883261891,2.0,1660M Galleria At Tysons Ii,38.932636,-77.231825,7.0,35
North Italia - McLean,419,8.0,948.3367174744102,2.0,1651 Boro Pl,38.932636,-77.231825,7.0,35
Hokkaido Ramen Santouka - Tysons Corner,369,8.0,918.1952213290979,2.0,1636 Boro Pl,38.932636,-77.231825,7.0,35
Jiwa Singapura,151,7.0,1137.9650456317759,,2001 International Dr,38.932636,-77.231825,7.0,35
American Prime,150,8.0,303.8565085056198,3.0,1420 Spring Hill Rd,38.932636,-77.231825,7.0,35
The Block,78,7.0,579.8023441035999,,8496 Tyco Rd,38.932636,-77.231825,7.0,35
Fish Taco,151,9.0,926.6188023743524,2.0,1644 Boro Pl,38.932636,-77.231825,7.0,35
Yido Ramen and Sushi,104,8.0,893.1108041929324,2.0,8500 Lesssburg Pike,38.932636,-77.231825,7.0,35
Tasty Kabob,118,9.0,893.4941199444116,,1624 Boro Pl,38.932636,-77.231825,7.0,35
Flower Child - McLean,176,9.0,961.9327853689317,2.0,1656 Boro Pl,38.932636,-77.231825,7.0,35
China Express,255,8.0,618.3301503625896,2.0,8455-M Tyco Rd,38.932636,-77.231825,7.0,35
Kura Revolving Sushi Bar,197,7.0,1127.4942492805424,2.0,8461 Leesburg Pike,38.932636,-77.231825,7.0,35
Sir Sandwich,179,6.0,591.9157723466242,2.0,8490 Tyco Rd,38.932636,-77.231825,7.0,35
Poki DC,38,9.0,915.4649747250295,,1632 Boro Pl,38.932636,-77.231825,7.0,35
Hunan Cafe,28,8.0,501.28579203738525,,8453H Tyco Rd,38.932636,-77.231825,7.0,35
Wildfire,932,7.0,1061.58136224708,3.0,2001 International Dr,38.932636,-77.231825,7.0,35
1600 Kitchen,12,9.0,882.8489228103601,,1600 Tysons Blvd,38.932636,-77.231825,7.0,35
Shamshiry Express,47,7.0,515.9265771455921,1.0,8453-G Tyco Rd,38.932636,-77.231825,7.0,35
"ENTYSE, Wine Bar & Lounge",80,8.0,1150.2077295276515,3.0,1700 Tysons Blvd,38.932636,-77.231825,7.0,35
PLNT Burger,79,8.0,867.9595225758635,2.0,1635 Boro Pl,38.932636,-77.231825,7.0,35
Cafe Montmartre,106,7.0,190.65529801240655,2.0,1625 Washington Plz,38.970046,-77.338686,2.0,36
La Migueleña 2 Market & Carniceria Latina,7,9.0,154.0503112218623,,1645 Washington Plz,38.970046,-77.338686,2.0,36
Kalypso's Sports Tavern,355,6.0,199.6376012706678,2.0,1617 Washington Plz N,38.970046,-77.338686,2.0,36
Lake Anne Coffee House & Wine Bar,220,7.0,263.0696339936478,2.0,1612 Washington Plz N,38.970046,-77.338686,2.0,36
Big Wonton,6,5.0,274.7234195656852,,11438 Washington Plz W,38.970046,-77.338686,2.0,36
Common Ground Gastropub,0,0.0,201.3826196991875,,1633 Washington Plz N,38.970046,-77.338686,2.0,36
Matsutake Sushi & Sake Bar,72,9.0,1291.2587714628667,3.0,1492 North Point Village Cent,38.970046,-77.338686,2.0,36
Finn Thai - Reston,138,8.0,1366.107753122841,2.0,1466 North Point Village Ctr,38.970046,-77.338686,2.0,36
Agora Tysons,396,8.0,815.3356222503371,3.0,7911 Westpark Dr,38.931911,-77.219261,6.0,37
Yard House,61,7.0,948.1017587236202,2.0,1660M Galleria At Tysons Ii,38.931911,-77.219261,6.0,37
Jiwa Singapura,151,7.0,1046.827019815503,,2001 International Dr,38.931911,-77.219261,6.0,37
Wren,141,8.0,1061.5922095065698,3.0,1825 Capital One Dr S,38.931911,-77.219261,6.0,37
Han Palace,573,6.0,830.7075376917679,2.0,7900 Westpark Dr,38.931911,-77.219261,6.0,37
Cafe Ile,64,9.0,1347.0030416428804,,8270 Greensboro Dr,38.931911,-77.219261,6.0,37
Fogo de Chão Brazilian Steakhouse,940,8.0,947.0399465394262,3.0,1775 Tysons Blvd,38.931911,-77.219261,6.0,37
Mrs. Jo's Petite Eats Patisserie & Cafe,1,10.0,265.79225284803056,,7940 Jones Branch Dr,38.931911,-77.219261,6.0,37
Andy’s Pizza - Tysons,285,9.0,1068.3253297109059,2.0,2001 International Dr,38.931911,-77.219261,6.0,37
Kefaya's Café,11,9.0,133.11093536705928,,7927 Jones Branch Dr,38.931911,-77.219261,6.0,37
Härth,221,7.0,668.4291757106524,3.0,7920 Jones Branch Dr,38.931911,-77.219261,6.0,37
Wildfire,932,7.0,974.4160315397049,3.0,2001 International Dr,38.931911,-77.219261,6.0,37
"ENTYSE, Wine Bar & Lounge",80,8.0,927.0329668955891,3.0,1700 Tysons Blvd,38.931911,-77.219261,6.0,37
1600 Kitchen,12,9.0,817.9410716538121,,1600 Tysons Blvd,38.931911,-77.219261,6.0,37
A taste of the Caribbean,2,6.0,693.119757023816,,7819 Jones Branch Drive,38.931911,-77.219261,6.0,37
The Palm - Tysons,335,7.0,933.3352234148676,4.0,1750 Tysons Blvd,38.931911,-77.219261,6.0,37
Entyse Bistro,29,8.0,932.351155530121,3.0,1700 Tysons Blvd,38.931911,-77.219261,6.0,37
Lebanese Taverna,584,7.0,1051.334367629449,2.0,1840 G International Dr,38.931911,-77.219261,6.0,37
Maggiano's Little Italy,838,7.0,1066.82054093262,2.0,2001 International Dr,38.931911,-77.219261,6.0,37
The Cheesecake Factory,697,6.0,1044.3428683295983,2.0,1796U International Dr,38.931911,-77.219261,6.0,37
Agora Tysons,396,8.0,766.0779298398128,3.0,7911 Westpark Dr,38.928919,-77.225394,1.0,38
Yard House,61,7.0,417.9793593140279,2.0,1660M Galleria At Tysons Ii,38.928919,-77.225394,1.0,38
Circa at The Boro,60,9.0,881.8521297530309,,1675 Silver Hill Dr,38.928919,-77.225394,1.0,38
Founding Farmers - Tysons,3342,7.0,721.965262724362,2.0,1800 Tysons Blvd,38.928919,-77.225394,1.0,38
Kusshi Ko,167,9.0,1272.5209091560089,,8365 Leesburg Pike,38.928919,-77.225394,1.0,38
El Bebe,60,8.0,898.7118574897452,2.0,8354 Broad St,38.928919,-77.225394,1.0,38
Jiwa Singapura,151,7.0,574.7053891885244,,2001 International Dr,38.928919,-77.225394,1.0,38
North Italia - McLean,419,8.0,843.5465416210864,2.0,1651 Boro Pl,38.928919,-77.225394,1.0,38
Cafe Ile,64,9.0,743.4931994704325,,8270 Greensboro Dr,38.928919,-77.225394,1.0,38
Hokkaido Ramen Santouka - Tysons Corner,369,8.0,873.9849868920364,2.0,1636 Boro Pl,38.928919,-77.225394,1.0,38
Fish Taco,151,9.0,870.6308670704682,2.0,1644 Boro Pl,38.928919,-77.225394,1.0,38
Tasty Kabob,118,9.0,875.3117772573086,,1624 Boro Pl,38.928919,-77.225394,1.0,38
Ingle Korean Steakhouse,71,8.0,1175.8728379387987,,8369 Leesburg Pike,38.928919,-77.225394,1.0,38
Han Palace,573,6.0,872.4824295168967,2.0,7900 Westpark Dr,38.928919,-77.225394,1.0,38
Flower Child - McLean,176,9.0,870.2591944128264,2.0,1656 Boro Pl,38.928919,-77.225394,1.0,38
1600 Kitchen,12,9.0,280.8886666317486,,1600 Tysons Blvd,38.928919,-77.225394,1.0,38
Andy’s Pizza - Tysons,285,9.0,621.5576376810886,2.0,2001 International Dr,38.928919,-77.225394,1.0,38
Fogo de Chão Brazilian Steakhouse,940,8.0,681.4032148610914,3.0,1775 Tysons Blvd,38.928919,-77.225394,1.0,38
Wildfire,932,7.0,487.82951313278517,3.0,2001 International Dr,38.928919,-77.225394,1.0,38
"ENTYSE, Wine Bar & Lounge",80,8.0,523.5835519238082,3.0,1700 Tysons Blvd,38.928919,-77.225394,1.0,38
Matt and Tony's All Day Kitchen Bar,543,9.0,867.0642182076509,2.0,1501 Mt Vernon Ave,38.82175,-77.047494,6.0,39
Rustico ,826,7.0,33.439455231469246,2.0,827 Slaters Ln,38.82175,-77.047494,6.0,39
Slaters Market,80,9.0,9.416066583750258,2.0,1552 Potomac Greens Dr,38.82175,-77.047494,6.0,39
Yunnan By Potomac Noodle House,503,9.0,1126.8889894272936,2.0,814 N Fairfax St,38.82175,-77.047494,6.0,39
Gostov Boulangerie & Brasserie,19,8.0,1066.8355920311924,,2213 Mt Vernon Ave,38.82175,-77.047494,6.0,39
Vaso's Kitchen,280,8.0,360.0417344959972,2.0,1225 Powhatan St,38.82175,-77.047494,6.0,39
Hank's Oyster Bar - Old Town,1457,8.0,927.0040852146435,2.0,818 N St Asaph St,38.82175,-77.047494,6.0,39
Barkhaus,46,9.0,398.28867729188704,2.0,529 E Howell Ave,38.82175,-77.047494,6.0,39
Oak Steakhouse,248,8.0,910.4762750462332,,901 N Saint Asaph St,38.82175,-77.047494,6.0,39
Del Ray Cafe,815,8.0,910.5105520949598,2.0,205 E Howell Ave,38.82175,-77.047494,6.0,39
Sisters Thai - Old Town Alexandria,371,8.0,886.3500783973849,2.0,503 Montgomery St,38.82175,-77.047494,6.0,39
WOOBOI HOT CHICKEN,248,9.0,921.0809513082714,2.0,531 Montgomery St,38.82175,-77.047494,6.0,39
Hinata Sushi Bar & Grill,113,9.0,889.4648329503956,,909 N Saint Asaph St,38.82175,-77.047494,6.0,39
Railbird Kitchen,11,10.0,899.1179525924051,,804 N Henry St,38.82175,-77.047494,6.0,39
Dreampt,1,10.0,1085.4025875653622,,2218 Mt Vernon Ave,38.82175,-77.047494,6.0,39
Lena's Wood-Fired Pizza & Tap,1377,8.0,1184.1383803105166,2.0,401 E Braddock Rd,38.82175,-77.047494,6.0,39
Front Porch,72,7.0,994.8799657311516,2.0,2006 Mount Vernon,38.82175,-77.047494,6.0,39
Kaizen Tavern,211,8.0,928.0178513740681,2.0,1909 Mount Vernon Ave,38.82175,-77.047494,6.0,39
Holy Cow,748,8.0,1122.4782874585887,2.0,2312 Mt Vernon Ave,38.82175,-77.047494,6.0,39
Lost Dog Cafe Alexandria,420,8.0,878.1306610780525,2.0,808 N Henry St,38.82175,-77.047494,6.0,39
Tupelo Honey Southern Kitchen & Bar,2392,8.0,602.1293715790837,2.0,1616 N Troy St,38.897612,-77.080851,6.0,40
Toryumon Japanese House,192,9.0,483.2857364893544,2.0,1650 Wilson Blvd,38.897612,-77.080851,6.0,40
Yuraku,62,9.0,676.8923225929861,,1850 Fort Myer Dr,38.897612,-77.080851,6.0,40
Inca Social,219,8.0,496.87015288719834,2.0,1776 Wilson Blvd,38.897612,-77.080851,6.0,40
Guerra Steakhouse,88,9.0,406.9537832055346,,1725 Wilson Blvd,38.897612,-77.080851,6.0,40
The Happy Eatery,208,9.0,853.037934780979,2.0,1800 N Lynn St,38.897612,-77.080851,6.0,40
Mele Bistro,514,8.0,422.3822498550043,3.0,1723 Wilson Blvd,38.897612,-77.080851,6.0,40
BIBIMIX,253,8.0,537.2576213749134,2.0,1910 Wilson Blvd,38.897612,-77.080851,6.0,40
Salt,195,9.0,864.1585599303712,3.0,1201 Wilson Blvd,38.897612,-77.080851,6.0,40
Barley Mac,831,8.0,493.98232100311975,2.0,1600 Wilson Blvd,38.897612,-77.080851,6.0,40
Quinn's On The Corner,290,8.0,496.87015288719834,2.0,1776 Wilson Blvd,38.897612,-77.080851,6.0,40
Pho 75,1981,8.0,417.2170410928565,2.0,1721 Wilson Blvd,38.897612,-77.080851,6.0,40
Burger District Gourmet Burgers and Bar,277,8.0,645.1168412336488,2.0,2024 Wilson Blvd,38.897612,-77.080851,6.0,40
Three Whistles,86,9.0,1263.6333762075344,1.0,2719 Wilson Blvd,38.897612,-77.080851,6.0,40
TNR Cafe,779,8.0,687.5500786559153,2.0,2049 Wilson Blvd,38.897612,-77.080851,6.0,40
Il Radicchio,344,8.0,541.5112978017,2.0,1801 Clarendon Blvd,38.897612,-77.080851,6.0,40
Courthouse Kabob,124,9.0,682.8219458431973,2.0,2045 Wilson Blvd,38.897612,-77.080851,6.0,40
Saigon Noodles & Grill,177,8.0,441.75125749262014,2.0,1800 Wilson Blvd,38.897612,-77.080851,6.0,40
Hot Lola’s,44,8.0,648.9530728212101,,1501 Wilson Blvd,38.897612,-77.080851,6.0,40
Mejana,813,8.0,967.0317769265376,2.0,2300 Wilson Blvd,38.897612,-77.080851,6.0,40
Delia's,617,8.0,245.2537917486411,2.0,209 Hoffman St,38.801111,-77.068952,5.0,41
Rus Uz - Alexandria,130,9.0,199.7884458494468,2.0,210 Swamp Fox Rd,38.801111,-77.068952,5.0,41
Sweet Fire Donna's,855,8.0,647.1511107268515,2.0,510 John Carlyle St,38.801111,-77.068952,5.0,41
Tequila & Taco,409,8.0,626.593350004953,2.0,540 John Carlyle St,38.801111,-77.068952,5.0,41
Whiskey & Oyster,302,8.0,664.4106189836484,2.0,301 John Carlyle St,38.801111,-77.068952,5.0,41
Ted's Montana Grill - Alexandria,479,7.0,257.8229716301496,2.0,2451 Eisenhower Ave,38.801111,-77.068952,5.0,41
Joe Theismann's Restaurant,928,8.0,952.6141881734889,2.0,1800A Diagonal Rd,38.801111,-77.068952,5.0,41
Bad Ass Coffee of Hawaii,46,9.0,294.97222728787193,,2466 Mandeville Ln,38.801111,-77.068952,5.0,41
Nando's Peri-Peri,11,7.0,321.11437132893025,2.0,2462 Mandeville Ln,38.801111,-77.068952,5.0,41
Galae Thai,353,7.0,218.13214507492768,2.0,215 Swamp Fox Rd,38.801111,-77.068952,5.0,41
Bistro Eighteen90,7,8.0,443.98318793914837,,2460 Eisenhower Ave,38.801111,-77.068952,5.0,41
2 Jefes Tex- Mex,64,9.0,807.1848567192783,2.0,2249 Huntington Ave,38.801111,-77.068952,5.0,41
Pasara Thai,312,7.0,505.89826406413465,2.0,2051 Jamieson Ave,38.801111,-77.068952,5.0,41
San Antonio Bar & Grill,292,5.0,233.50364300562373,2.0,200 Swamp Fox Rd,38.801111,-77.068952,5.0,41
Trademark Drink And Eat,209,7.0,388.14109081708403,2.0,2080 Jamieson Ave,38.801111,-77.068952,5.0,41
Bistro Sancerre,144,8.0,831.434435210868,2.0,1725 Duke St,38.801111,-77.068952,5.0,41
Samurai Hibachi Sushi and Bar,42,5.0,432.7503114665606,,2016 Eisenhower Ave,38.801111,-77.068952,5.0,41
Zikrayet Lebanese Restaurant & Lounge,407,7.0,452.4472530621663,2.0,2006 Eisenhower Ave,38.801111,-77.068952,5.0,41
Maggios,196,7.0,760.498586213745,2.0,2258 Huntington Ave,38.801111,-77.068952,5.0,41
Table Talk,577,7.0,907.0756132740054,1.0,1623 Duke St,38.801111,-77.068952,5.0,41
Ruthie's All-Day,803,9.0,828.3467725069813,2.0,3411 5th St S,38.869442,-77.104503,3.0,42
El Paso Cafe,508,8.0,474.5411586185343,2.0,4235 N Pershing Dr,38.869442,-77.104503,3.0,42
Pupuseria Doña Azucena,212,8.0,365.4605213035225,1.0,71 N Glebe Rd,38.869442,-77.104503,3.0,42
Jarochita #2,106,8.0,377.4665820242215,1.0,85 N Glebe Rd,38.869442,-77.104503,3.0,42
Thai Curry,463,8.0,539.4449378334186,2.0,307 N Glebe Rd,38.869442,-77.104503,3.0,42
The Broiler,341,8.0,1295.8117669146861,2.0,3601 Columbia Pike,38.869442,-77.104503,3.0,42
Sofia's Pupuseria,133,9.0,1340.195224178129,1.0,3610 Columbia Pike,38.869442,-77.104503,3.0,42
Ricky's Pub & Grill,12,9.0,477.86817060354355,,237 N Glebe Rd,38.869442,-77.104503,3.0,42
Super Pollo,402,8.0,994.910157167265,1.0,550 N Quincy St,38.869442,-77.104503,3.0,42
Zavaleta’s Mariscos Bar,0,0.0,370.24440291359525,,77 N Glebe Rd,38.869442,-77.104503,3.0,42
Tres Generaciones restaurant,1,10.0,370.34407960946174,,36 S Glebe Rd,38.869442,-77.104503,3.0,42
Ravi Kabob House,794,8.0,535.019004047991,2.0,305 N Glebe Rd,38.869442,-77.104503,3.0,42
Ravi Chatkhara,17,7.0,525.4339293281585,1.0,303 N Glebe Rd,38.869442,-77.104503,3.0,42
McDonald's,48,4.0,295.73926544004615,1.0,40 N Glebe Rd,38.869442,-77.104503,3.0,42
Ravi Kabob House II,139,8.0,438.6174001174617,2.0,250 N Glebe Rd,38.869442,-77.104503,3.0,42
Masala Express,346,8.0,1083.77741017026,1.0,2622-A N Pershing Dr,38.869442,-77.104503,3.0,42
Eastern Carryout,72,6.0,558.3221174532301,1.0,319 N Glebe Rd,38.869442,-77.104503,3.0,42
China Express,52,5.0,360.3078877874721,1.0,81 N Glebe Rd,38.869442,-77.104503,3.0,42
The Cafe by La Cocina VA,3,10.0,1345.895415744573,,918 S Lincoln St,38.869442,-77.104503,3.0,42
Popeyes Louisiana Kitchen,115,4.0,475.92271173643206,1.0,4241 N Pershing Dr,38.869442,-77.104503,3.0,42
Seamore's - Arlington,155,9.0,719.7774240254603,,2815 Clarendon Blvd,38.894941,-77.09169,3.0,43
Tupelo Honey Southern Kitchen & Bar,2392,8.0,894.4577502682012,2.0,1616 N Troy St,38.894941,-77.09169,3.0,43
Ambar,1877,9.0,706.6540381214346,3.0,2901 Wilson Blvd,38.894941,-77.09169,3.0,43
Mejana,813,8.0,629.5360034626738,2.0,2300 Wilson Blvd,38.894941,-77.09169,3.0,43
Brass Rabbit Pub,96,9.0,899.1595888860976,2.0,1210 N Garfield St,38.894941,-77.09169,3.0,43
Three Whistles,86,9.0,593.2821499278646,1.0,2719 Wilson Blvd,38.894941,-77.09169,3.0,43
Takeshi Sushi,138,9.0,588.803423272304,2.0,2424 Wilson Blvd,38.894941,-77.09169,3.0,43
Buena Vida,434,8.0,737.9383705776326,2.0,2900 Wilson Blvd,38.894941,-77.09169,3.0,43
Mehran Restaurant,35,9.0,599.5563222192333,2.0,2721 Wilson Blvd,38.894941,-77.09169,3.0,43
Mazaro Italian Restaurant,225,8.0,718.6891774683095,2.0,2909 Wilson Blvd,38.894941,-77.09169,3.0,43
Smokecraft Modern Barbecue,382,9.0,1023.4213059404815,2.0,1051 N Highland St,38.894941,-77.09169,3.0,43
Green Pig Bistro,1109,8.0,981.9509178048486,2.0,1025 N Fillmore St,38.894941,-77.09169,3.0,43
Chicken + Whiskey,15,8.0,788.0163464759514,,3033 Wilson Blvd,38.894941,-77.09169,3.0,43
Four Sisters Grill,597,8.0,871.8189349080656,2.0,3035 Clarendon Blvd,38.894941,-77.09169,3.0,43
Verre Wine Bar,165,9.0,565.9976524115369,2.0,2415 Wilson Blvd,38.894941,-77.09169,3.0,43
BIBIMIX,253,8.0,954.5688744390411,2.0,1910 Wilson Blvd,38.894941,-77.09169,3.0,43
Gyu-Kaku Japanese BBQ,524,8.0,956.6746784289238,3.0,1119 N Hudson St,38.894941,-77.09169,3.0,43
Courthaus Social,480,8.0,690.3564399553205,2.0,2300 Clarendon Blvd,38.894941,-77.09169,3.0,43
Fire Works Pizza,865,8.0,679.2287984909447,2.0,2350 Clarendon Blvd,38.894941,-77.09169,3.0,43
Colony Grill,146,9.0,827.7636406647828,2.0,2800 Clarendon Blvd,38.894941,-77.09169,3.0,43
Inca Social,219,8.0,185.54008715233937,2.0,1776 Wilson Blvd,38.892164,-77.079375,0.0,44
Toryumon Japanese House,192,9.0,259.15505463668194,2.0,1650 Wilson Blvd,38.892164,-77.079375,0.0,44
Barley Mac,831,8.0,276.69904170278033,2.0,1600 Wilson Blvd,38.892164,-77.079375,0.0,44
Tupelo Honey Southern Kitchen & Bar,2392,8.0,222.59831371708523,2.0,1616 N Troy St,38.892164,-77.079375,0.0,44
Open Road - Rosslyn,116,9.0,803.2260165549342,2.0,1201 Wilson Blvd,38.892164,-77.079375,0.0,44
BIBIMIX,253,8.0,157.66853793004998,2.0,1910 Wilson Blvd,38.892164,-77.079375,0.0,44
Mele Bistro,514,8.0,225.67132038165326,3.0,1723 Wilson Blvd,38.892164,-77.079375,0.0,44
Quinn's On The Corner,290,8.0,185.54008715233937,2.0,1776 Wilson Blvd,38.892164,-77.079375,0.0,44
Guerra Steakhouse,88,9.0,231.89027912574392,,1725 Wilson Blvd,38.892164,-77.079375,0.0,44
Salt,195,9.0,803.2260165549342,3.0,1201 Wilson Blvd,38.892164,-77.079375,0.0,44
Il Radicchio,344,8.0,91.96107006404448,2.0,1801 Clarendon Blvd,38.892164,-77.079375,0.0,44
The Happy Eatery,208,9.0,865.7349025458482,2.0,1800 N Lynn St,38.892164,-77.079375,0.0,44
Saigon Noodles & Grill,177,8.0,205.6631334170873,2.0,1800 Wilson Blvd,38.892164,-77.079375,0.0,44
Buuz Thai Eatery,278,8.0,181.00508576515875,2.0,1926 Wilson Blvd,38.892164,-77.079375,0.0,44
Pho 75,1981,8.0,230.50662897164764,2.0,1721 Wilson Blvd,38.892164,-77.079375,0.0,44
Yuraku,62,9.0,753.8773846127959,,1850 Fort Myer Dr,38.892164,-77.079375,0.0,44
Assembly,93,8.0,761.3843812524303,2.0,1700 N Moore St,38.892164,-77.079375,0.0,44
Sfoglina Rosslyn,235,8.0,819.5988564850563,3.0,1100 Wilson Blvd,38.892164,-77.079375,0.0,44
Burger District Gourmet Burgers and Bar,277,8.0,303.2802303954343,2.0,2024 Wilson Blvd,38.892164,-77.079375,0.0,44
Rhodeside Grill,445,7.0,117.2792679314428,2.0,1836 Wilson Blvd,38.892164,-77.079375,0.0,44
That's Amore,236,6.0,306.96043204518855,2.0,15201 Shady Grove Rd,39.106971,-77.192645,5.0,45
King Farm Grill,15,7.0,827.7108762547495,2.0,920 King Farm Blvd,39.106971,-77.192645,5.0,45
New York Deli,7,8.0,595.1674887016221,1.0,9601 Blackwell Rd,39.106971,-77.192645,5.0,45
Sandwiches & Such,10,10.0,301.9893535239481,,15215 Shady Grove Rd,39.106971,-77.192645,5.0,45
Farmsook Happiness Thai Kitchen,186,9.0,1045.9715187088157,2.0,800 King Farm Blvd,39.106971,-77.192645,5.0,45
LJ's Cafe,39,9.0,137.08458511659546,1.0,9210 Corporate Blvd,39.106971,-77.192645,5.0,45
Guapo's Restaurant,721,7.0,974.257598963541,2.0,9811 Washington Blvd,39.106971,-77.192645,5.0,45
Naked Lunch,26,9.0,1003.6850836569349,2.0,10 Upper Rock Cir,39.106971,-77.192645,5.0,45
Passion Bakery Cafe,23,8.0,609.44482696016,,9613 Medical Center Dr,39.106971,-77.192645,5.0,45
Cava,118,7.0,848.4808815504346,2.0,28 Upper Rock Cir,39.106971,-77.192645,5.0,45
Captain Mori’s Seafood,5,6.0,317.75445137866586,,15201 Shady Grove Rd,39.106971,-77.192645,5.0,45
The Bench,30,6.0,985.3693021850313,2.0,9751 Washingtonian Blvd,39.106971,-77.192645,5.0,45
Young's Deli,6,9.0,986.6021164275561,2.0,9715 Medical Ctr Dr,39.106971,-77.192645,5.0,45
Research Court Deli,10,8.0,505.81075292405006,1.0,1 Research Ct,39.106971,-77.192645,5.0,45
Nirvana Bistro & Lounge,4,4.0,529.6939778356965,,3 Research Ct,39.106971,-77.192645,5.0,45
Cafe Crossroads Rio,3,9.0,919.8009063753632,2.0,9801 Washingtonian Blvd,39.106971,-77.192645,5.0,45
Freshii,90,7.0,571.3925703903607,1.0,9613 E Medical Center Dr,39.106971,-77.192645,5.0,45
Dave & Buster's Gaithersburg,105,6.0,1070.3160671703608,2.0,9811 Washingtonian Blvd,39.106971,-77.192645,5.0,45
Firehouse Subs,52,6.0,924.3521388870954,1.0,28 Upper Rock Cir,39.106971,-77.192645,5.0,45
Gallery Cafe,6,8.0,573.717914734159,,9711 Washingtonian Blvd,39.106971,-77.192645,5.0,45
Coastal Flats,1264,8.0,967.1922706882979,2.0,135 Crown Park Ave,39.106152,-77.202354,1.0,46
Spicelife Indian Fare,299,9.0,1006.897360143839,2.0,128 Ellington Blvd,39.106152,-77.202354,1.0,46
Ted's Bulletin,750,7.0,948.2379938566289,2.0,220 Ellington Blvd,39.106152,-77.202354,1.0,46
Old Town Pour House - Gaithersburg,607,7.0,968.2709624568486,2.0,212 Ellington Blvd,39.106152,-77.202354,1.0,46
Mezeh - Gaithersburg,253,8.0,889.2097117322783,2.0,262 Crown Park Ave,39.106152,-77.202354,1.0,46
New York Deli,7,8.0,960.3268727891201,1.0,9601 Blackwell Rd,39.106152,-77.202354,1.0,46
Guapo's Restaurant,721,7.0,1111.525817008523,2.0,9811 Washington Blvd,39.106152,-77.202354,1.0,46
Passion Bakery Cafe,23,8.0,626.8538630829739,,9613 Medical Center Dr,39.106152,-77.202354,1.0,46
Cinnaholic,161,8.0,932.991457598618,1.0,230 Crown Park Ave,39.106152,-77.202354,1.0,46
Mama Wok,183,6.0,988.9744578775822,2.0,9900 Key W Ave,39.106152,-77.202354,1.0,46
Asia Nine,317,7.0,903.0406024756946,2.0,254 Crown Park Ave,39.106152,-77.202354,1.0,46
&pizza - Gaithersburg,310,8.0,900.3107529771679,1.0,258 Crown Park Ave,39.106152,-77.202354,1.0,46
Paladar Latin Kitchen & Rum Bar,715,7.0,921.2875162148845,2.0,203 Crown Park Ave,39.106152,-77.202354,1.0,46
Young's Deli,6,9.0,868.9010454536326,2.0,9715 Medical Ctr Dr,39.106152,-77.202354,1.0,46
Ruth's Chris Steak House,380,7.0,1048.9352717691766,3.0,106 Crown Park Ave,39.106152,-77.202354,1.0,46
Cafe Crossroads Rio,3,9.0,1087.4456037802524,2.0,9801 Washingtonian Blvd,39.106152,-77.202354,1.0,46
LJ's Cafe,39,9.0,962.9755354078582,1.0,9210 Corporate Blvd,39.106152,-77.202354,1.0,46
la Madeleine,217,6.0,919.3306348109022,2.0,242 Crown Park Ave,39.106152,-77.202354,1.0,46
Freshii,90,7.0,611.2535139580582,1.0,9613 E Medical Center Dr,39.106152,-77.202354,1.0,46
Bento Sushi,0,0.0,1261.1353567093702,,14939 Shady Grove Rd,39.106152,-77.202354,1.0,46
Matt and Tony's All Day Kitchen Bar,543,9.0,488.7253196370725,2.0,1501 Mt Vernon Ave,38.82005823354218,-77.06282079219818,8.0,47
Dos Hermanos Fine Tex Mex,15,7.0,34.68139269151382,,1603 Commonwealth Ave,38.82005823354218,-77.06282079219818,8.0,47
Gostov Boulangerie & Brasserie,19,8.0,766.0560175642825,,2213 Mt Vernon Ave,38.82005823354218,-77.06282079219818,8.0,47
Del Ray Cafe,815,8.0,609.152242410662,2.0,205 E Howell Ave,38.82005823354218,-77.06282079219818,8.0,47
Kaizen Tavern,211,8.0,573.5484901062564,2.0,1909 Mount Vernon Ave,38.82005823354218,-77.06282079219818,8.0,47
Dreampt,1,10.0,748.4781868905847,,2218 Mt Vernon Ave,38.82005823354218,-77.06282079219818,8.0,47
Front Porch,72,7.0,588.5409024235503,2.0,2006 Mount Vernon,38.82005823354218,-77.06282079219818,8.0,47
Lena's Wood-Fired Pizza & Tap,1377,8.0,946.83534396062,2.0,401 E Braddock Rd,38.82005823354218,-77.06282079219818,8.0,47
Junction Bakery & Bistro,409,7.0,424.36238634938354,2.0,1508 Mt Vernon Ave,38.82005823354218,-77.06282079219818,8.0,47
Holy Cow,748,8.0,796.2145677036459,2.0,2312 Mt Vernon Ave,38.82005823354218,-77.06282079219818,8.0,47
Evening Star Cafe,615,7.0,580.9222852090031,2.0,2000 Mount Vernon Ave,38.82005823354218,-77.06282079219818,8.0,47
Rubia’s,11,8.0,817.2045567897717,,2309 Mt Vernon Ave,38.82005823354218,-77.06282079219818,8.0,47
Cheesetique,801,8.0,889.5018299247371,2.0,2411 Mount Vernon Ave,38.82005823354218,-77.06282079219818,8.0,47
Market 2 Market,162,8.0,762.7531020089009,1.0,116 E Del Ray Ave,38.82005823354218,-77.06282079219818,8.0,47
Rosemarino D'Italia,182,8.0,570.05997839358,2.0,1905 Mount Vernon Ave,38.82005823354218,-77.06282079219818,8.0,47
South China,353,8.0,516.2391637063077,1.0,1302 Mt Vernon Ave,38.82005823354218,-77.06282079219818,8.0,47
SPICE KRAFT Indian Bistro,214,9.0,1025.002451701432,2.0,2607 Mount Vernon Ave,38.82005823354218,-77.06282079219818,8.0,47
The Alley at Stomping Ground,1,10.0,817.2045567897717,,2309 Mt Vernon Ave,38.82005823354218,-77.06282079219818,8.0,47
Bella Napoli,177,7.0,516.2858268814083,2.0,1310 Mt Vernon Ave,38.82005823354218,-77.06282079219818,8.0,47
Al's Steakhouse ,346,7.0,440.11554638227904,2.0,1504 Mount Vernon Ave,38.82005823354218,-77.06282079219818,8.0,47
Meridian Pint,78,8.0,906.960124929585,2.0,6035 Wilson Blvd,38.880992,-77.135271,8.0,48
The Italian Store,352,8.0,609.3593079592584,2.0,5837 Washington Blvd,38.880992,-77.135271,8.0,48
King Of Koshary,96,9.0,798.0336890026972,,5515 Wilson Blvd,38.880992,-77.135271,8.0,48
La Union Restaurant,302,9.0,785.310329577203,2.0,5517 Wilson Blvd,38.880992,-77.135271,8.0,48
Lost Dog Café & Gourmet Pizza Deli,743,8.0,750.2036536270289,2.0,5876 Washington Blvd,38.880992,-77.135271,8.0,48
Stray Cat Bar & Grill,4,10.0,727.2551730392851,,5866 Washington Blvd,38.880992,-77.135271,8.0,48
Westover Market,108,8.0,709.9518157274475,2.0,5836 Washington Blvd,38.880992,-77.135271,8.0,48
Thai Noy Restaurant,189,8.0,763.2101166309836,2.0,5880 N Washington Blvd,38.880992,-77.135271,8.0,48
J'aimemadeleine,6,9.0,863.4280516485422,,1644 N McKinley Rd,38.880992,-77.135271,8.0,48
Lebanese Taverna,238,7.0,795.9063418641915,2.0,5900 Washington Blvd,38.880992,-77.135271,8.0,48
Lebanese Taverna,0,0.0,795.9063418641915,,5900 WASHINGTON BLVD,38.880992,-77.135271,8.0,48
Grand Hunan,73,5.0,664.2626244030643,2.0,5845 Washington Blvd,38.880992,-77.135271,8.0,48
Pizza Boli's,85,6.0,901.2393419792118,1.0,6033 Wilson Blvd,38.880992,-77.135271,8.0,48
Subway,4,5.0,1126.975114287592,1.0,1701 N George Mason Dr,38.880992,-77.135271,8.0,48
Yayla Bistro,654,9.0,547.4234507453174,2.0,2201 N Westmoreland St,38.88532071975074,-77.15642720460892,3.0,49
Yume Sushi,735,9.0,523.1539147436333,3.0,2121 N Westmoreland St,38.88532071975074,-77.15642720460892,3.0,49
LCD - La Côte D'Or Café,195,8.0,564.5438611504841,3.0,6876 Langston Blvd,38.88532071975074,-77.15642720460892,3.0,49
Cafe Kindred,538,8.0,781.9761794466506,2.0,450 N Washington St,38.88532071975074,-77.15642720460892,3.0,49
Cafe Colline,70,8.0,102.47384572118382,,4536 Lee Hwy,38.898301,-77.118009,3.0,50
Bostan Uyghur Cuisine,81,9.0,916.0360760053957,,3911 Lee Hwy,38.898301,-77.118009,3.0,50
Old Dominion Pizza Company,98,8.0,52.118517309566144,,4514 Cherry Hill Rd,38.898301,-77.118009,3.0,50
Pines of Florence,137,9.0,981.123548481435,2.0,2109 N Pollard St,38.898301,-77.118009,3.0,50
Crisp & Juicy,264,6.0,107.29153785035997,1.0,4540 Cherry Hill Rd,38.898301,-77.118009,3.0,50
Cowboy Cafe,201,7.0,651.0646221681235,2.0,4792 Lee Hwy,38.898301,-77.118009,3.0,50
Tuna Restaurant,36,9.0,988.5914435794423,,3813 Langston Blvd,38.898301,-77.118009,3.0,50
Lebanese Taverna Market,143,8.0,98.36281685684978,2.0,4400 Old Dominion Dr,38.898301,-77.118009,3.0,50
Metro 29 Diner Restaurant,687,7.0,420.01307931937237,2.0,4711 Lee Hwy,38.898301,-77.118009,3.0,50
Billy's Deli/Cafe,14,7.0,922.3188391590401,,3907 Lee Hwy,38.898301,-77.118009,3.0,50
Thirsty Bernie,216,6.0,406.432428000479,2.0,2163 N Glebe Rd,38.898301,-77.118009,3.0,50
Chipotle Mexican Grill,108,3.0,64.52104957295116,1.0,4520 Lee Hwy,38.898301,-77.118009,3.0,50
Ruffino's Spaghetti House,227,6.0,545.9022299803607,2.0,4763 Lee Hwy,38.898301,-77.118009,3.0,50
Hunan Village,57,6.0,565.1922928444178,1.0,4775 Lee Hwy,38.898301,-77.118009,3.0,50
Minerva Express,71,8.0,695.3274949994457,1.0,4815 Lee Hwy,38.898301,-77.118009,3.0,50
Heidelberg Pastry Shoppe,448,8.0,861.6005094558069,1.0,2150 N Culpeper St,38.898301,-77.118009,3.0,50
McDonald's,62,3.0,745.5495680612158,1.0,4834 Lee Hwy,38.898301,-77.118009,3.0,50
Taco Bell,80,4.0,875.3306882434072,1.0,4923 Lee Hwy,38.898301,-77.118009,3.0,50
Domino's Pizza,62,5.0,685.6095306754933,1.0,4811 Lee Hwy,38.898301,-77.118009,3.0,50
Papa Johns Pizza,32,3.0,492.93378185765476,1.0,2108 N Glebe Rd,38.898301,-77.118009,3.0,50
